Unnamed: 0,A,B,C,D
2000-01-01,1.3390910867107642,-0.1636430589256459,-0.6464425533392314,1.0412325889974416
2000-01-02,-0.7749840885611867,0.13703436405394914,-0.8827159154980816,-2.253381889623781
2000-01-03,-0.9210371677204512,-0.4829432213842945,-0.4170996442808703,0.4786375168774085
2000-01-04,-1.7388075484337893,-0.07297329287566777,0.05651657722897852,0.015084964341988956
2000-01-05,-0.9059800321682521,1.7785755271984458,0.3819175129513353,0.2914355562510866
2000-01-06,-0.8911647526314174,0.7411474452142385,0.2374821996163235,-1.5019085010924988
2000-01-07,1.1111323136677,0.28767400291042083,0.1830117586312286,1.3590462216516497
2000-01-08,-1.2909010817820166,-0.5492467927578967,-0.8251834347942677,0.3289400157367532
2000-01-09,-1.6896545352916346,0.8180155290637801,1.137703716910105,0.3345297992861632
2000-01-10,0.4165799172795886,-1.1881621639121598,0.7532286752986458,-0.7282240539212008
2000-01-11,0.32896811695535083,-1.0875983352798242,1.3528268740924292,0.9977328801540122
2000-01-12,0.26358506441198376,-0.18762008658621132,-1.0834750150445085,-0.09924998672718588
2000-01-13,-0.29300723996364225,-0.8137103715709109,2.7269929743582177,1.8699731723736088
2000-01-14,1.1086778922073892,-0.3397816598749457,1.9231703441045536,0.15613977595567882
2000-01-15,1.818885735378858,0.9791374113801282,0.5543169178750899,0.5647933719882937
2000-01-16,1.027912813748448,0.4195638415164622,0.684418988326301,-2.063247981353024
2000-01-17,-0.016772314318329627,0.07890165690718982,-0.2718256801417113,1.9557169266641985
2000-01-18,0.4309845729442973,-0.41580264985994586,1.3733148445881047,-0.3845512530472113
2000-01-19,-0.032470872288651524,-0.4309882820399121,-0.4620911791550695,-0.1119650144368067
2000-01-20,-1.3506629171138465,0.5224004137711759,0.6758055685782415,1.2659962661594129
2000-01-21,-3.693201134879103,0.11358420387342764,-1.3965406238429712,-0.5116518313101458
2000-01-22,0.15058604331130007,-0.06259931587319492,-2.1568331560367047,0.3719049235306588
2000-01-23,1.2507110987254098,-1.8276533817130367,1.3832361082123836,0.18029044402853767
2000-01-24,-0.3889944557724563,-2.232772618567441,1.4632538582074344,-0.4086963162411327
2000-01-25,0.5379291453385567,1.2450836475635578,-1.6438059023209384,1.2856497321619726
2000-01-26,0.8764442367695596,0.5411298803071009,-0.119710630037388,1.4962647730214118
2000-01-27,-0.3347211266691919,-0.7703858660626641,-0.32235153929730026,0.024414837882392786
2000-01-28,-0.18582561125658426,0.12372588213936228,1.1777770928716744,0.8009617434546691
2000-01-29,-0.3029420322131076,0.7799806534643215,-0.18652896002471087,1.2005562158150662
2000-01-30,0.3916954426181351,1.8578413382244088,0.8410396280319359,0.8166904547065233
2000-01-31,1.5340126704361807,0.3414971541190734,1.6546976727656453,-0.4764324455158554
2000-02-01,-0.009653594989444214,0.4183202293368608,1.3399870330879589,0.3698029302352685
2000-02-02,-0.518425385308536,-0.4782958619031839,-1.0458424138603497,-1.3150630771470382
2000-02-03,-0.8836122889872166,-0.8250027200605398,0.5099195637898084,0.3302635486521513
2000-02-04,-0.4091717531113656,-2.2136053757210044,0.4395306521469267,-0.266009567939876
2000-02-05,-0.15636171379294786,-1.0590094240740884,-1.7394540793419582,0.6414802824029712
2000-02-06,0.9750600079359016,-1.1658907671473049,-0.7095034369564253,2.6418676436520645
2000-02-07,0.005306757103940365,0.4972218919063451,1.0996057795850886,-0.6991638567277475
2000-02-08,0.6692525777040126,0.0943321873571212,-0.3823021376954511,-2.142954524844221
2000-02-09,0.08646268909266022,-2.2894871597837883,-0.42607634899286906,0.19384428940097248
2000-02-10,-0.12082866530905112,0.18126078623955705,0.9782065042662221,1.2014241547407456
2000-02-11,1.4041767929085416,-0.5852695676346408,-0.036195689147332434,1.1406892404475628
2000-02-12,-0.18886410503788992,0.04307422912866035,1.6484424247118807,2.4111061125548487
2000-02-13,0.3631124545955806,-0.6577389012680124,-1.2279727001096843,-0.05186870102291037
2000-02-14,-0.003067702198295152,0.21607060464091696,0.7000538205245386,-1.7602301892842191
2000-02-15,0.15469103678969656,-0.7063192735028199,-1.86152707183282,0.2336404126607524
2000-02-16,-0.4103193626463333,-0.10110051781968454,-0.1794786677978524,-0.7607675185180398
2000-02-17,0.12933125158653616,2.5223299744938883,-0.3666587999693344,-0.7035845216605606
2000-02-18,1.041715476426757,-0.7769199699046241,1.5255609330360744,0.1622041147563601
2000-02-19,-1.1488037170320868,-1.157793006463378,1.345498997228097,-0.03750473775854405
2000-02-20,0.20632897969875244,0.5491179477232014,1.3572019163460245,1.2851887329979084
2000-02-21,1.3007887725762228,0.2949882683500101,0.25378867939767386,-1.006338949024481
2000-02-22,-0.10233342532769434,1.4780656662627611,-1.6752574065356347,-1.5494228862075756
2000-02-23,-0.4500079553416629,-0.02669724073189516,-0.7666587443208602,0.9543444310379244
2000-02-24,-0.1730487023403928,-0.6334217834662554,-0.2288533930317411,-1.1483681198304068
2000-02-25,0.189555422153928,0.09730001943098612,0.4294394575830065,0.9754154405980592
2000-02-26,0.012943374889081424,-1.0961714628012529,-0.690868286498821,-1.0735252464643372
2000-02-27,0.1596037885281738,1.0571056836198458,-1.4533998304224467,-1.3555616574190992
2000-02-28,0.5928308398289156,0.463887689488804,0.7278804425741253,-1.0964810406104832
2000-02-29,0.8163857711130181,-1.074844184251075,-0.06938105321999001,-0.04390379497080274
2000-03-01,-0.7908360707369622,-0.29133271768528296,-1.555071971777855,-0.16554331984878706
2000-03-02,-2.098143437528201,-0.5941109694013574,-0.2951813779491433,-0.21591003938744965
2000-03-03,-0.16683966597802688,0.4776755397312396,-0.11942378373408233,-0.5465159939108865
2000-03-04,-0.9193558543676572,1.4372875548107633,-1.0904724439227889,-3.0166321808363317
2000-03-05,0.7460579873477784,-1.4148624082257255,-0.10215753955534457,0.0063949486962096395
2000-03-06,0.3144220958158829,-0.4894942645707887,-1.2190431783459086,1.5067175131753892
2000-03-07,1.130833946704504,0.08266969226382961,1.4766852766702472,0.07362964222695764
2000-03-08,-0.9435120518705072,0.8093774318861597,0.9429787592304162,-0.16736100856093653
2000-03-09,-0.6332095854208392,1.2453634986994226,-0.8944651355456363,0.8981324085219932
2000-03-10,-0.385319230184424,-1.1739686093245474,-1.1587311193874867,-0.05472855900104507
2000-03-11,0.5240809547225759,1.1051496449883225,-0.8791984459573663,0.8788718121083935
2000-03-12,1.399149224739458,0.2465467416130762,-0.16080813547550465,-0.07831630744225836
2000-03-13,-1.1162989250618691,0.6341682714892157,0.8013931057583372,1.8852366240498823
2000-03-14,-0.1840734417294156,1.0083477296975942,1.2837227178579944,0.09200379665735813
2000-03-15,0.03471509923290607,-0.5102682158800795,0.7135459606081538,-0.19054710565615848
2000-03-16,-0.18321725246717427,-0.6316984832827599,-0.7728736326532212,-0.1957359286204349
2000-03-17,-0.5584343468146571,0.2921139039036781,-0.9512617795614956,0.7100849644185744
2000-03-18,0.5530022852839194,2.173454338697406,0.5626598803870119,0.0981124007964546
2000-03-19,0.9386182368605656,0.4884792173654834,1.1142783045243478,-1.3026441194177665
2000-03-20,0.7323630226122804,-0.09754896958678463,0.2905542050428772,0.2370915659109249
2000-03-21,-0.5154902232807891,-0.6233513510107851,0.32158780184043106,0.4623368376086273
2000-03-22,0.8032013120429836,-0.7815763949111221,0.7357435934085166,0.006632522059202118
2000-03-23,0.9709381423998922,0.1674050538453383,-1.9757873801104544,-0.08535418162747377
2000-03-24,0.04937483663113448,-0.6087205225025529,-0.416593584638445,0.6480348535401061
2000-03-25,-0.5989107076171833,0.5570258396151909,1.6683602087875264,0.7060004676881687
2000-03-26,-0.7096455836983524,-1.0709217438984555,0.12303852950293205,-1.59726776188856
2000-03-27,-1.0092248670425046,-0.2426065843587345,0.4765735261161537,0.5417815995029832
2000-03-28,-0.6551351394087268,1.830656781588332,1.624091478388363,0.1755570890261523
2000-03-29,-0.39900910715582943,-2.002995617663261,-2.141837539964979,0.21797383529604888
2000-03-30,0.5458708546832673,1.0460298853748888,0.5901484699558275,-0.3334866633607947
2000-03-31,-0.5868673183843919,0.11532782264540345,1.4194498022170847,-1.3917118137898528
2000-04-01,1.2046825655247844,0.491473433670558,0.7369804794490152,0.2425586275200973
2000-04-02,-1.3680505892870876,-1.1450547460166358,-0.7102956967701053,0.3833276096747456
2000-04-03,-0.6514243744826536,0.1995899094444906,-0.9617883152489828,1.6806713394330923
2000-04-04,0.6219207829409441,-0.0501932538986873,-1.0136559550465902,0.7488423299961839
2000-04-05,-0.9046884023510536,0.6355864022970721,0.4404695461328465,-0.3159432836200966
2000-04-06,0.3204260169039281,-0.32305750397844685,0.8408061835762833,-1.934217206514304
2000-04-07,1.0808999770704957,-0.7131760965286496,-0.016655032467580468,-1.11593806299566
2000-04-08,1.5532393213562357,0.007179598381754683,0.03341219374579624,-1.077337485734718
2000-04-09,-0.8046910956546229,0.3562595517710431,-1.1237385878952983,1.1111824237769234
2000-04-10,1.7793169691630009,-0.2120302525026708,-1.628072699422268,-0.7928049295772724
2000-04-11,-0.5388783629606952,-0.9711996330323058,-0.8139540700522464,2.4520521062943037
2000-04-12,0.4175069555944797,-0.6061080773308415,-1.114582339872626,-0.4760232072233969
2000-04-13,0.30959964435303355,0.002151254216301832,0.4946226128371226,0.8412653732081518
2000-04-14,0.057002370955928784,-1.5445856620056333,-2.2255042394754896,-1.976058916724732
2000-04-15,0.6522852749858647,1.3715181032785018,-0.7926675298228897,0.3092178260679207
2000-04-16,-0.5547435948468619,-1.047242361401659,-2.6038353550188567,0.2263762298094196
2000-04-17,1.3356467119599271,-0.31147579870566816,0.2232147807947837,2.8259210002916766
2000-04-18,0.5154766528824756,1.5474015974044943,-2.1638527655555606,-0.3617476411488778
2000-04-19,-0.4363233081196656,-1.1635551284297136,0.07062135163123627,-0.09905287861379093
2000-04-20,1.9802229493787051,-0.6034045325328746,1.0149797290560785,0.1635979653426372
2000-04-21,-0.16293222642516253,1.3611581265114925,0.8458615822887929,-0.0042685093290925
2000-04-22,-1.4700989306993035,2.008772055408523,-1.4452906071836529,-0.6769549565287976
2000-04-23,1.5193666243314283,1.9616325429638024,0.23039080270317275,2.8797930581564035
2000-04-24,-0.2977268862459775,0.8552189248453079,-0.44618578793997,0.2095863317891612
2000-04-25,-0.3433090168488153,1.2096402819077543,-0.07774958913835066,-0.6476017716713238
2000-04-26,-0.7483173066589177,0.2399620732397185,-0.2416101792914144,0.3215948348876191
2000-04-27,-2.21033426974743,0.033414086194710875,-0.7361419164395833,-1.1100307019425657
2000-04-28,1.5220182167793137,0.6870820409220904,-0.2621870954873638,1.1513836772458237
2000-04-29,-0.7865561834592084,-1.9490551741331188,0.3575321516688623,0.1842518825682176
2000-04-30,-2.306838750292296,-0.7600103429216696,-0.050061189035136684,-0.8138897892698526
2000-05-01,1.37696721993856,-0.4432074543455149,0.06544241433070108,-0.33082863005654484
2000-05-02,-0.5573452249431343,0.2444317531198159,0.14214589176730388,1.2334975801923749
2000-05-03,0.7309291754014497,-1.2247199714549803,-1.5670263494302041,-0.8564742298883447
2000-05-04,1.157758335307054,0.7899475044844918,-1.4188632773980252,0.4934760743151956
2000-05-05,-0.6822191954580396,-1.3941611205377853,-0.7439313502546027,-1.3512918582452744
2000-05-06,0.6543385248792684,-1.0850078890184924,-0.8639642674474064,1.8971368793577208
2000-05-07,-0.352114448401931,-1.4318512380053434,0.2284349436447437,0.4852820789398701
2000-05-08,-0.5049360559863174,0.06766410977963022,-0.9933690804939904,0.7574666303687093
2000-05-09,0.6639624269027972,2.1765887222334355,1.578423132877862,1.3226779607437944
2000-05-10,-0.026314914861169846,-0.20844752746192025,-0.4965681450035884,0.09438610227715837
2000-05-11,0.34722387505102936,-0.736644255491504,0.6284546814292462,1.087940207696204
2000-05-12,0.009137812690981113,0.6269529423263153,0.3716525898267163,0.2891599222984164
2000-05-13,1.1239668614126082,0.4087900482435341,-0.8716373384067704,-0.24739205281541984
2000-05-14,0.010586632870900458,0.07865905766336621,-1.1031724136104508,-1.4109634093568113
2000-05-15,0.926034371398877,0.4786155619685197,-0.5792077612275942,1.9048111082458496
2000-05-16,-0.6390620584993894,-1.825941747159,0.7518219586042334,-1.4632916168755281
2000-05-17,-0.8491263121306175,1.9046280573932608,-0.1814071272419504,0.3503420526673713
2000-05-18,0.9974284065674641,-0.9437640688121146,0.8472156335536685,0.3149721111588943
2000-05-19,0.007936360718847115,0.4812022666568602,-0.6860907952620479,-1.927841284355132
2000-05-20,2.768110600294119,0.3802014585572357,0.8621574417748099,-1.748787526958201
2000-05-21,-1.1002195710025846,1.3258428921207084,1.0285417243208237,0.06122145395151266
2000-05-22,0.3342916048236944,-1.5324894193861076,0.0616867598500133,-0.5253112563466661
2000-05-23,-2.3117361132371776,-1.6471220649542182,-0.4604662886153246,2.646368280554004
2000-05-24,-0.3740016253111998,1.0527811157858178,0.8890470038243142,-1.7983284121941585
2000-05-25,0.8858379504847745,2.421852608966316,-1.924293010956281,0.16698251440983347
2000-05-26,0.4894791595302451,0.7926400633559101,0.2528722337832036,0.5473256077022398
2000-05-27,-0.3945544901362128,-0.9792792240576764,1.6378934088189991,0.2185741784216216
2000-05-28,0.24786016903144345,-0.4778262169697397,0.05668246319013895,0.463195792080392
2000-05-29,0.2572238081937823,-0.4317753360834575,-0.8745599503220398,-0.4986032556433567
2000-05-30,-0.5698484191828479,0.14942990805959944,-0.6278631899315965,-1.2114572375105348
2000-05-31,0.7334070955757865,2.4453286171469624,0.6918589245896242,-0.3162356460874957
2000-06-01,-1.1277164307837153,0.42293529637157945,0.03660019453142683,-0.5473571941605904
2000-06-02,-0.4624345712350755,-0.18899581922692127,-0.7408547016195202,-1.0031821765107438
2000-06-03,0.5349626268413971,0.9356092618511498,-1.5610166356837063,0.04293229105998689
2000-06-04,-0.02545974714749061,2.9093063058217536,0.4393659405244065,2.341730842455489
2000-06-05,-0.6159378993180289,0.7537093666481457,1.2342857044929971,0.5094830257676872
2000-06-06,1.0985823653362077,1.5529234724666787,0.2823745174863672,-0.0050586243175000534
2000-06-07,1.4192538911498986,0.8504866072922553,1.5831867381503946,1.1207136042790693
2000-06-08,-0.6536721573454404,0.5230640129568463,-0.13989139821642638,0.8663515104248675
2000-06-09,-1.0474181232022843,0.934760740465006,0.005370385455707047,0.7290649624653449
2000-06-10,-0.15007282737953995,1.3294216454993204,1.7300170751958537,0.30877866628261064
2000-06-11,-0.14762414260729653,1.1780067113832775,0.8812983244458189,1.0001611997513655
2000-06-12,-0.3106159011455292,0.5852478432505314,1.0632976048454506,-0.8678020647330942
2000-06-13,0.2506866428423472,-0.6265443512128294,0.3031393637491763,-0.3773344690465644
2000-06-14,-2.110337859768685,-0.17029248923677293,-0.617344094586583,-0.6028164638996906
2000-06-15,-0.4994916427338579,0.4653508006093601,-1.0087553046060913,-0.3993631734247836
2000-06-16,-0.9557935311711864,-0.08929072937627748,0.8435362883171229,-1.5208611857418872
2000-06-17,1.4938669828174482,-0.7229019813494332,1.1957591686591516,-1.795980676600304
2000-06-18,-0.8268538936580764,3.1998500209801977,-1.2280323146610634,0.3656142421958396
2000-06-19,0.1314335410403316,0.4680441836813034,2.517138435050952,-0.3130307958544579
2000-06-20,-0.036636926508894704,-0.9422371322160376,0.2944425169743771,0.9795509081100772
2000-06-21,0.6814649180656159,-0.6037011673040922,-0.18373243834565187,0.12391795521356985
2000-06-22,0.4362901988272205,0.3174168868393315,0.09635325068268352,0.6058056045302079
2000-06-23,-0.6778594048562563,-0.076994968917395,-1.0371682561671034,-0.10667864820437656
2000-06-24,-0.4659779989901046,-0.41125960534337386,-0.12556950820016288,-1.8663876661702177
2000-06-25,-0.8759742414106297,0.12221169504928678,0.0802201728264887,-0.21585843512732167
2000-06-26,1.4066298573283147,1.2833426747197274,-0.06222414647577677,-0.04563539336732708
2000-06-27,1.4362031824998518,-0.6836872674664211,0.8364789359501779,0.5764064119452617
2000-06-28,-1.1289427050713323,1.0225080239818904,0.26338998007318165,-0.5284294696110617
2000-06-29,1.2057954298163052,-2.2338541414070283,1.3386049954410106,-1.966898621847877
2000-06-30,-0.2214087972876216,0.7242606876791707,0.3856652562867192,-0.9003620066524632
2000-07-01,0.8856114255741508,-1.8237052522961528,0.3016461488092789,-1.850820174134593
2000-07-02,0.16432439438087312,-0.15150071498722098,-0.04463913039011249,-0.07985684845582236
2000-07-03,0.4066441851159702,0.11069132746047704,-0.9237792714182566,0.3827064616837224
2000-07-04,-1.3585723071034819,-0.21036593111973945,-1.243387705128181,-0.12835552445886628
2000-07-05,-0.9797104275381944,-0.03460700947747102,0.08512805903499307,0.3400410158472014
2000-07-06,0.008506406712296237,0.670796155138785,-0.034990817169394874,1.2906700479509596
2000-07-07,-0.5010816274127601,-0.38052383657321337,-2.5838263515507527,1.1024774788993288
2000-07-08,0.3805700965787012,1.258492622021946,-0.7954612932174602,0.1808164170577822
2000-07-09,-1.1715582540377178,0.32615126577641795,0.4975840196397206,1.5895966316814711
2000-07-10,1.5358510625889217,0.8731910090373253,1.1867599252998609,-0.8715044905598764
2000-07-11,-0.4163937087929347,-0.8110569655524629,0.8782284950851199,-0.4082224704174988
2000-07-12,-2.0726059114495383,0.422625089567271,-1.8701920005650887,0.9889977494403932
2000-07-13,-0.6104424920090779,1.5781126025592345,-1.1568647931483316,-1.7565814562565871
2000-07-14,-1.6850323935446916,-1.859185737292626,-1.465055518026666,0.3749186001400212
2000-07-15,-1.2354999678871146,0.6216732186532902,0.06478275746076945,0.025566322481737114
2000-07-16,-1.033157663174688,0.048321571501462525,-1.8644075383576304,1.2847285011824308
2000-07-17,-2.411759668079456,1.3373743103535156,-1.0394301142106968,-1.4382352048509033
2000-07-18,0.04122975582047402,0.06075320453264376,0.7098035555169159,0.10616570151458801
2000-07-19,0.6717093465278433,-1.6402271029035482,0.4804558208709159,0.4193133992826933
2000-07-20,0.32686415045821005,0.8318951859985935,0.5600068771253579,0.28635465554533834
2000-07-21,0.2737479133802935,1.0554988994437688,-0.9202258946125778,1.368004402567018
2000-07-22,1.5369950235673917,0.27235092724007204,0.20286215109052386,-0.34031780489901736
2000-07-23,-0.8050402292515265,0.2486265413653495,-0.9035429328714984,-0.4109600651159621
2000-07-24,0.4615055984277246,-0.5517933734909447,0.19058645021638795,-0.0064626847024008725
2000-07-25,1.0510684604493103,0.9890729091532624,0.7288091858746589,0.3518444302320421
2000-07-26,1.35956692705311,0.07765536582045862,1.0034683382850489,0.9906136258409176
2000-07-27,-0.7965109841794472,0.7060334457267958,0.05876329666485418,-1.6273226495341908
2000-07-28,-0.8189882735349934,0.6184206716615703,-0.9750280448742298,-0.2175986830458911
2000-07-29,1.338423002844347,0.3950529496364619,-0.6640661691470375,0.4316219610383588
2000-07-30,1.9769933563781183,-1.2869661863601434,0.7962885774985806,-1.096284689266117
2000-07-31,-2.223966588753424,-1.1821939208241037,0.934336639098422,0.4073939580819423
2000-08-01,0.4764629540850257,1.40933202078934,-0.2831342319275334,-1.7930206619969815
2000-08-02,-0.40808937607549306,0.9762157760508914,1.047329084355468,0.22074397530678333
2000-08-03,-0.011442198596227613,0.4311964452748625,-0.7608179552847709,1.0802552933217389
2000-08-04,-0.07565751985421185,0.426821576589547,1.4900758121331954,0.15270928766618172
2000-08-05,-1.09231815593234,-0.1876450948485517,-0.3328755377054497,1.6634617879296667
2000-08-06,1.4332921131886571,0.5488176608158964,0.17048339980722854,0.890945996339443
2000-08-07,0.07377654504274457,-0.6970640909104298,-0.23111984353554066,0.8519591259533607
2000-08-08,-1.5273797157077509,-0.8988763484131678,0.3199021856762438,0.060887921217633326
2000-08-09,1.5821045361412558,1.0818492743954558,-2.098950464754753,0.8120602798790407
2000-08-10,0.5104496419386052,1.551218946988716,0.16300929182757665,2.182940950529052
2000-08-11,-0.5104338446233999,0.6080760717407934,0.226277743274654,0.3017831137819441
2000-08-12,0.2385857777050192,0.4546092687900032,-0.7467295693128135,0.6118924748253514
2000-08-13,-0.7273232989996887,0.7799864924887351,0.8433896269629102,0.7668603033711022
2000-08-14,0.3534754679842081,-1.6322945704116665,-1.463351533850713,-1.6467033071273818
2000-08-15,-0.1879629750508258,-0.3985662387882814,1.0424110749154412,-0.002539038565278181
2000-08-16,0.6572890813831191,0.6791396145876041,1.4253375132372177,1.0335210683750866
2000-08-17,0.5403776162336746,-1.0091051028720466,0.6767072746341556,-1.045373053352215
2000-08-18,0.1356214210718215,-1.8668870452922788,-0.3354717234000895,-0.4052981396194871
2000-08-19,0.26242671280093594,-1.1833236070658055,-2.2314015967474186,-0.5440404339527628
2000-08-20,-1.26151600854139,0.42338065409775205,-0.7775474852903543,0.4656706608501879
2000-08-21,2.1584089920613168,-1.3548007246050358,1.3161399181610791,0.2439241031779822
2000-08-22,1.4565460631488107,0.9093491965141204,1.2081024942594285,0.09537786208959173
2000-08-23,0.19472441891182304,1.1993995637803765,1.1113685115839531,0.12959755621993
2000-08-24,0.34375965838535616,1.1010963265769815,-0.541503852375318,-0.4930928178254461
2000-08-25,-1.144551761234286,-0.13790266073226773,-0.3611680829639939,1.0546049269478417
2000-08-26,-0.3207575068138674,-0.8257580711818817,0.9722659472127138,-0.9934869296417564
2000-08-27,-0.22012456990664875,1.6972636013285645,-1.3873509512140585,2.4963877776885828
2000-08-28,-2.1331300026257978,-1.727131282653709,0.03346388743392071,-0.8165551662289892
2000-08-29,-1.8912897862635587,-0.2405181049842699,1.5501294996181214,-0.1099240069578221
2000-08-30,0.3675337219960534,0.003299167433352845,1.989878388272396,-3.110464378289268
2000-08-31,0.7631477093022566,0.4266607951159482,1.1949753307627935,1.0238355122194056
2000-09-01,0.2380204760507897,1.394466866883659,-1.086700633973766,-0.4008631455480093
2000-09-02,0.31812897040018,-0.5490649533064416,0.5771267485705786,-1.017205187949437
2000-09-03,0.3271061745575792,-0.1795671028973067,-1.350603703303102,0.5717292221653163
2000-09-04,-1.488440793096554,0.5773086905746901,0.8363130438165848,-0.4649656367037288
2000-09-05,-2.3651969286264447,-0.7273161980453543,-0.2961644382115021,0.5375575400168098
2000-09-06,-1.1958774244831298,0.8650714533885617,0.5893040093996392,0.13973618499946486
2000-09-07,-2.048783683385963,-0.08382248240167271,0.06800293095032035,-0.07043477471833644
2000-09-08,-1.0025924972205378,-1.9292339872798767,0.882663132254509,1.288629191953583
2000-09-09,1.1091282100845488,0.5458445259162974,0.6696788587086181,1.9078714046144536
2000-09-10,0.9260121346725626,0.18886378639217571,-0.8235544530571722,0.6142482412947077
2000-09-11,1.4424516231182902,-0.4548277837364969,-0.389276371121584,-1.9196370220769905
2000-09-12,-0.6927075015649419,-0.5201632518797819,-0.2736936246045822,-0.5231099169214324
2000-09-13,-0.6567968023107648,0.5378260047569046,0.2649850757439767,0.1389869268423623
2000-09-14,0.4936716478436605,-0.24118665148465301,1.0913629657622488,0.8327680269518124
2000-09-15,-0.6731358208793283,0.12107594361707305,0.7512427061242991,-0.07184175766099059
2000-09-16,0.6186108803905711,1.874856880666904,1.6085938322600468,1.6417893558980852
2000-09-17,1.1364434604687468,-0.2911985929152852,0.04054282299623043,-0.654264943541213
2000-09-18,-1.3250646374003014,0.905023717908332,-0.3038841754688674,1.32011737274949
2000-09-19,-0.2794878325471008,-1.3017854584891364,1.3606422425025042,0.7414977197194169
2000-09-20,0.5743055451124343,-0.04025569062534222,0.916352081236198,-0.8727555920584102
2000-09-21,-0.3304791504631409,1.931093457207404,-1.2533786346545348,-0.25138431274716033
2000-09-22,0.3663219849781412,-0.7739869855892425,-0.4386481645473283,-1.5648711464031169
2000-09-23,1.4232191069182232,1.9771656208934536,0.099359601330563,-1.6848549410786418
2000-09-24,0.6281483962982477,-0.9558819599816608,-0.012608840989326778,0.99284953186162
2000-09-25,0.0036091181892415024,0.6364630491041641,1.441797413036324,-0.5616781134813407
2000-09-26,0.4191447178322257,-0.7213983659889796,2.072192619929325,0.8342069269468801
2000-09-27,0.6671541780923068,1.5762310802382062,-0.41007703917840094,0.4559231076252611
2000-09-28,-0.3090249546711154,0.03409652424929982,-0.7283836901053498,-0.5384093986052927
2000-09-29,-0.08463641580237011,1.372794138065529,0.1854680692144127,-0.14797898197041812
2000-09-30,0.06660234038020643,1.8212086900202749,1.537155214588945,0.2758850779331413
2000-10-01,-0.6681974185164767,0.1950642814722592,-0.4191713493362336,-1.3002591572370588
2000-10-02,2.12069342228982,-0.5441701958064161,-1.207810141173447,0.7786398724209754
2000-10-03,-1.3376634722474616,0.5125146355901956,0.5705042762358825,0.42964578728830455
2000-10-04,0.4829948079236973,1.4933055712396484,-0.69824141126605,0.13321189323019705
2000-10-05,-1.1873528682203962,-1.8574504354897423,-0.3610373502144152,-0.5619877756662277
2000-10-06,-1.0541821948889347,-1.1384375329952563,-0.6504339226412766,0.2704369600455256
2000-10-07,1.8154749349899924,-2.162150969103201,0.05381199773156488,-0.4026379512614932
2000-10-08,-1.6252038869829852,-2.0792264097097526,-0.8618818917514875,0.8710460011314193
2000-10-09,0.3225728200690501,-1.5369833764311511,1.0988790707585248,-1.9839800425108096
2000-10-10,0.5826478614589871,0.9463867702132184,0.7724443649179191,-0.9684856750088529
2000-10-11,-0.8998384447845963,1.08381679914342,1.5873552226321694,-0.5403388939795499
2000-10-12,0.5067875859746918,-0.7183932520127272,-0.8017925387868389,0.8665925964213614
2000-10-13,-1.933687546654532,-2.028981456906236,2.4317377170295917,-1.2027865337662025
2000-10-14,-1.3370341631077978,-0.13789538654932834,0.15881566009490716,0.7428665694854881
2000-10-15,-0.01849221626754639,0.4783269075286824,0.059995987002118126,-1.0091709893745495
2000-10-16,0.5432517004842694,1.3160078306451393,-0.242659489671308,-0.4276250467033713
2000-10-17,-0.4334221542982117,-1.6587611610826103,-0.7344970683195698,2.3357228759916167
2000-10-18,-0.4519564874918651,0.1448680331142104,-1.026196403105572,0.9860421485729745
2000-10-19,1.143665445795686,1.5003108214087908,-1.0761280645307036,-0.1246276049574312
2000-10-20,0.03864116814712626,0.4284455602979017,-1.1611094627264864,0.19208302256298376
2000-10-21,-0.7380364316547229,-0.9768295744231508,0.6768108140690738,-0.3927940463335776
2000-10-22,-1.5160299279617528,0.6659152981998012,-0.14121462584313182,-1.9044527464194208
2000-10-23,0.6909831647236357,0.626962073867664,-0.5516187045493237,-0.1435590319801951
2000-10-24,0.5135190353748204,-0.2902205231530461,-1.1716868423363551,1.285646004901556
2000-10-25,0.8102584313199782,0.2766334542587156,0.01586432661780215,-2.1712677804113842
2000-10-26,1.7492072263033376,-0.21611791510863249,0.050901241627527495,-0.3822156179556925
2000-10-27,0.8859938712746794,1.3035312774998344,0.0038446818171965695,0.4872953071074376
2000-10-28,0.2880994459006825,-1.0612961732719617,-1.2198777623382484,1.0365088309795365
2000-10-29,-0.2420284499642672,-2.3152352426407776,-0.012872021602872256,-0.15866922151340665
2000-10-30,0.8819141405518943,-0.14645158501271086,-0.2866174342474615,0.6453226407500773
2000-10-31,-0.4858446733323342,1.3960043173561991,-1.2094626787200098,-0.6800405845550679
2000-11-01,0.7605730541299914,-0.5277825324590053,0.3169917481909605,-0.3600773997218205
2000-11-02,-2.852503451971186,-0.1875994131987513,-0.5862049210034895,-1.0380065553737934
2000-11-03,0.3708407286681133,0.03481354390116972,-1.5771951901564112,-1.1787805893646883
2000-11-04,0.09390293983691084,0.8342530258404287,1.4904903415659498,-0.1801841790327452
2000-11-05,-0.888722337567734,1.3300054928190408,-1.178797055348194,0.6883258994391939
2000-11-06,0.5280772202684982,1.0407847091059272,1.3157011300619923,0.9551021379188386
2000-11-07,0.2108144471718318,1.7756433964131533,-0.10017661500149262,-0.08155641441488423
2000-11-08,-0.3852248719326116,0.26655580505838,-0.03989454622300848,-0.29084288990167684
2000-11-09,-1.2224316875371508,-0.4130622269254479,0.6614358629300203,0.5497131057534361
2000-11-10,-0.06265240700016142,0.5908292509487582,-0.7256945912509828,0.9355871401652378
2000-11-11,0.8158468758972549,0.853559331048478,2.293408504708748,-0.6403890525972702
2000-11-12,-0.6171300120940478,1.0623898648397387,0.3402109769943877,0.8559122991178227
2000-11-13,1.2946955582505335,0.01851343659343661,1.7761064846354533,-1.5914887303736032
2000-11-14,-1.5116664808071494,-0.5333614769192625,0.7287838773925374,1.3584361282066415
2000-11-15,0.6373881526970854,2.414547804425598,-0.06728147435689613,1.9956219936405013
2000-11-16,0.2066614524235396,-1.0177682012146112,0.5576063012527407,-0.4391808862710277
2000-11-17,1.4754823832685249,0.6769598745253389,-0.9797356376095656,2.012714443885736
2000-11-18,1.104585018930898,1.153737502431362,-1.2151320579230898,-0.9846658903404296
2000-11-19,0.6682835814146098,0.4224766882568428,-0.5472160438489134,0.036185636820125516
2000-11-20,-0.8806888911506295,-0.017629955476645642,0.9808992428558114,0.2108868297375254
2000-11-21,0.8200786668101712,0.16054991055683154,-1.3068970500623485,-0.9020047505674356
2000-11-22,-1.1769105603515335,-0.9794880824587509,0.4663404265224697,-0.06591257477298562
2000-11-23,-1.1026095441455197,1.6983479192074833,-2.3702018362119244,-0.4478905676088981
2000-11-24,0.7886901446946519,1.2748483060155684,0.4241228592914973,0.936821783988636
2000-11-25,-0.7817587838237154,-0.2474525380340965,-0.5783170722308993,-0.1206152949197342
2000-11-26,-2.4005725352123206,1.0093430407419353,1.953698814140296,-0.2695168355952326
2000-11-27,-0.13638867203049268,-0.4622854660097078,-0.5782544526880208,0.20331960698310275
2000-11-28,1.3909668096124619,2.233727432283843,1.129442879410074,1.4000700702261344
2000-11-29,-0.2192088510281037,-0.6271347354516514,-1.7498027560639091,0.4691726981248454
2000-11-30,1.6917863219369582,-1.5510335433930391,-0.889451529849082,0.4067676679909829
2000-12-01,0.15736763228733627,0.9679236074860454,-1.181235188099961,-0.12354573925638472
2000-12-02,0.513474381229456,-0.5279446186837006,0.31853609387984383,1.040012974982128
2000-12-03,-0.204301477934702,-1.0291712819333785,0.6979228579401491,1.7440882053707023
2000-12-04,-1.048770779356837,-2.401956125841484,-0.568605592223148,2.028776334028867
2000-12-05,-0.5079514555994463,-0.9304024384445899,-1.0060237239212273,-0.3929346566961967
2000-12-06,0.7930046052201816,0.6967213004122803,0.5950554921025196,-1.5446867893462741
2000-12-07,-0.8008300660393742,1.1840035169235197,-1.5167520723822427,0.8032781302809617
2000-12-08,-1.1526994741849903,0.819857775121359,0.5195468544265339,0.058516733389043236
2000-12-09,-1.0591229906564614,0.3480582980518457,-0.7257518471428407,-1.3399097589329456
2000-12-10,0.6936299906403416,-0.3352660127537962,-0.4753034290277729,-0.1713430352814189
2000-12-11,-0.5177660187726294,-0.12048266528058925,-1.557278807394433,-0.7505619359416925
2000-12-12,-2.0774012305808887,-0.32265329507770485,0.27183188818249543,1.632564378274251
2000-12-13,0.2597885735646944,2.3907968524120413,0.07463232178770528,0.2268127710055509
2000-12-14,0.25198831997351256,-0.9860534260956084,-0.05186176248413807,1.4171173223710274
2000-12-15,-0.02913279065178917,-1.8321825823608968,0.5378479165049197,-1.7965306848041591
2000-12-16,-0.4483843247672185,-0.3236740132461656,0.8898862518035869,0.1334757867363594
2000-12-17,-0.5198168139706583,0.5374359001245139,-0.4952153906822177,-0.4488898611097845
2000-12-18,0.16521522115454546,-0.9379147363737064,-0.13298260026319225,-0.9375047889488268
2000-12-19,-0.14954089779100446,0.5527429362992918,0.49021158256098096,-0.5935260057437668
2000-12-20,1.3701934356219918,0.591530927721318,-0.3149393587307127,0.4300527966913488
2000-12-21,-0.8876474135006506,2.4435144550559538,-0.6344332406814078,-0.5503274164787919
2000-12-22,0.27186328549806016,-0.521198824643451,0.9914883542786966,0.5325965714103642
2000-12-23,-0.39032195748133136,-0.7634096701773901,2.0748689351177707,-0.08204777318904408
2000-12-24,-0.8440686753653488,0.5092637580330258,0.7513891557914351,-0.01520640351325594
2000-12-25,0.421504923459636,-0.2843605371139125,-0.9982430264652729,0.8854415769368836
2000-12-26,-0.3124812416938393,-1.9103548696473736,0.7847175516535534,1.32596075753119
2000-12-27,1.3936135566758172,0.7244506018122617,0.7172241683928121,1.0748191552002522
2000-12-28,-0.5780912237817323,2.4693876888701127,-1.445821200975702,-0.6492190518160852
2000-12-29,0.5959910780237961,0.2780613757728113,2.417984266447621,0.13097918737751818
2000-12-30,1.5291195078147684,-2.047260072168712,0.2032484906850498,-0.7612903129789759
2000-12-31,0.28143128958378183,0.23266286413712264,1.6968839814349346,1.4570657081644567
2001-01-01,0.6417438904452574,0.4474437238961505,-0.16496665511063632,1.6363691283589257
2001-01-02,0.9824997261743708,-0.16042556942067854,-0.3451622185298144,-0.6118516240240647
2001-01-03,-0.6297371408794676,-0.05581114641602985,-2.4922539964508386,1.5782197377351206
2001-01-04,0.3424415061877737,0.9453112094564248,-2.0899008700742243,-1.675963940103954
2001-01-05,1.1862450936886115,-2.0412728251118057,-0.08708977957932214,0.7728737445173974
2001-01-06,-0.8436207085054198,0.5345980826436987,0.3530386411882027,1.0339645289646358
2001-01-07,-0.9232467353152848,0.9489157839166114,-1.6896782145710334,1.2088777362518408
2001-01-08,-0.2948007510687993,0.6825489439538175,0.4703392895100503,1.0817874262558949
2001-01-09,0.5883673248461918,-0.0497556544527779,-0.4277206037749614,-1.2408016013128689
2001-01-10,-0.5520903430345246,-0.6503275491643641,-0.5922342288148714,0.17833330067944975
2001-01-11,0.3694214068548626,0.08904640095884085,0.7709171002450964,0.1723189170715635
2001-01-12,0.2382507350535436,2.1851585283624253,-0.5427854481506554,-0.740649754645643
2001-01-13,-0.2795094748300505,0.26622468247901604,-0.02141197692276307,-0.7628662975807069
2001-01-14,-0.5851431283720911,-1.5482960460131738,-0.3120429704758716,0.3511499986144587
2001-01-15,0.5983431591558509,-1.162154071948897,0.8141580893784607,2.2619401670238264
2001-01-16,-1.0263810585941309,-0.5029892780718607,-0.324652003452374,1.2696912419771909
2001-01-17,-0.5641808074782116,0.4086986962981452,-0.6941335540108559,-0.10021329110939567
2001-01-18,-1.3153484754528812,0.2728841649004855,-0.2481002465855341,2.5622912626433947
2001-01-19,0.10886575200540777,-0.1453737283348567,-1.0726023501592394,-0.022289198982711988
2001-01-20,-1.0498061686203213,-0.6774519201702356,1.2597718239252225,1.1925543489741326
2001-01-21,0.9322813521453832,-1.0808952512487096,0.3236349098203505,0.28124414611995624
2001-01-22,-0.7702754246541804,-0.31047345793757,0.3894995914933663,0.128164353979949
2001-01-23,-0.09056809425548762,-0.4396081158016315,-0.3326517139466189,-1.1148430449669018
2001-01-24,-0.5846581121525743,-0.7068903259589844,0.14643116361761874,0.8156878474650939
2001-01-25,-1.5263091869016103,-0.2001494276780686,-0.0888945901913669,-0.8846321612488421
2001-01-26,1.8812911686731368,0.3082016338964458,0.2272834884297608,2.4142197409579778
2001-01-27,0.16940367143964394,-0.028941519033271013,-0.5278094026311737,0.22395070759302602
2001-01-28,-0.329728075156781,-0.3148119988902429,-0.3840199814487396,-0.1267365344114925
2001-01-29,1.5407199210959046,-0.3007394982201521,1.3745268810147735,0.5346483362753974
2001-01-30,-0.6605515122073086,0.231568346548036,-0.5096557272747483,0.6230380632027832
2001-01-31,1.2502901967868982,-0.2339954465548905,0.5952323016522535,2.8428161359234174
2001-02-01,-0.5296142703390422,-1.1088187444484199,0.4065807810602212,-0.09531547137465866
2001-02-02,-0.6461959749891837,-0.507447033723449,1.2459789127880818,0.3525408450782825
2001-02-03,0.08690666969413789,-0.5219905826904724,-0.5422684878613856,-0.3660199960274461
2001-02-04,0.9570157739256656,0.4488292158869213,1.4046320422037466,2.3707936872465827
2001-02-05,0.4782152827603438,1.0086796723148603,0.2281932999479247,-0.13561756337808412
2001-02-06,-0.3886661640876078,-0.13870520076053214,0.9702214198503258,-0.5331906863765048
2001-02-07,-1.097093092343706,-0.5168169946564459,-1.7042747714976898,1.1122013824915766
2001-02-08,-0.4438851590948322,1.592734202062277,0.4260177156422808,-0.06360131916579727
2001-02-09,-0.014553062621064337,0.31691495172899803,-0.2989950853340434,1.0926151366621617
2001-02-10,-0.1325705282198152,0.3911373638537772,0.11028252751439896,-1.4525795997059738
2001-02-11,-0.8601876798016517,-0.7816912721058721,0.7810822036983901,-0.593994155874189
2001-02-12,-0.007787864372099092,-0.6735390854843164,-0.3386673017193786,1.9442235581610223
2001-02-13,-1.1547634795300152,0.5953359451272106,-0.1966567601940444,-0.453446267852189
2001-02-14,0.6944864629948362,0.3890691962591681,-0.0259024452943291,-0.9269826933282524
2001-02-15,2.101270301823265,0.4745587298819258,0.9020399889355972,-1.5464444161978166
2001-02-16,-0.3695942317400834,0.3084459027535025,-0.2575145988982706,-0.8934223055955538
2001-02-17,-0.11387267070553375,1.7732882767978253,-0.16113882862039794,-1.1799157859904583
2001-02-18,-0.009254752061847085,0.3821764565147166,0.2254353204063577,-0.5406403807621311
2001-02-19,-0.6106689506520121,0.5182596777473479,0.05329153360178247,0.5883598889123575
2001-02-20,2.014015695847632,-0.5169190648274804,0.2082243094567469,-0.5833515988737547
2001-02-21,0.5961580053194567,0.04672061988300237,0.9463610615363058,-0.7116058020861179
2001-02-22,0.1790231446019178,-0.19027438795404625,0.7616366290707189,-0.08488242817832085
2001-02-23,-1.31270819537983,1.850266628059773,1.5179937303241968,-0.009305821056290943
2001-02-24,1.0667960205208535,0.6163887644392023,0.17853737302152894,-1.4415623066472658
2001-02-25,1.6505351248828213,3.0716132638826363,-0.7090628136245378,0.4120693906763043
2001-02-26,-0.3964657846548214,0.16458112710099787,1.2482841886989895,-0.5814092699866975
2001-02-27,-2.1391503085635954,1.5971778460470454,-0.6028828837876715,1.3525252547166675
2001-02-28,-0.2297068373569329,-1.2672351206852432,0.597461419195617,-0.6337164564747173
2001-03-01,1.036613368778077,-0.14707524103620045,-1.4435803821611182,-1.1994815894580049
2001-03-02,-1.5653955299972429,0.3366659491784525,-0.4775083402033286,1.0395202207787648
2001-03-03,-0.5268665564499463,-0.8201779330060617,-1.690099834423521,-0.8970234761433548
2001-03-04,0.9041714832788356,0.488589157232941,-0.1642658474205923,-0.6748658501568431
2001-03-05,-0.3351035375119862,-0.8619816942313042,-0.4988426393356951,-0.8956707582328006
2001-03-06,0.25139091454944745,0.10823227215713008,-1.3838490227927245,0.8417920345373922
2001-03-07,0.1523517110487797,-0.1802796310584228,0.7217088695728847,1.2421873085937971
2001-03-08,0.6914423052222334,0.8022069904632059,-0.9947479559497996,0.28190223536162384
2001-03-09,-0.6717410547227679,-2.335971065801384,0.5071683772697073,-1.0134569457934959
2001-03-10,1.6894531453498272,1.6668257183029778,-0.694340658088843,-0.6518802965876171
2001-03-11,-1.555181505019598,-1.6292234763121316,0.08177818080925492,1.4317831803928571
2001-03-12,0.582637182661747,1.1214290967242349,-0.5419972223332284,-1.7246954406286918
2001-03-13,0.33120873134962703,1.413700895392923,0.2372676595168667,-2.2806410805585027
2001-03-14,-0.7971973545800227,-0.5043623997986405,-0.7902823944148296,-2.113578185661789
2001-03-15,-0.4932602020100629,1.344971486665951,0.03948441991844612,0.2953630563674375
2001-03-16,0.7753239706548242,-0.3727428398334649,0.9499953446524879,-1.2594743401219812
2001-03-17,-1.6789709996269695,-0.2463586865101641,0.15866844108306946,1.5491058308162822
2001-03-18,-1.5298974900623592,-0.4297228805539664,1.2873402829633755,-1.3558234718988138
2001-03-19,-0.7618876737921336,0.321786558709349,0.16417390849585947,-0.7413319788697922
2001-03-20,0.8677713145992288,-0.9059195076315172,0.9143034955251376,1.08381690911121
2001-03-21,0.895823016819706,2.0344999377383086,-0.13793028494622514,-0.055746814702417616
2001-03-22,0.08962373963138649,-0.06343917771734932,-0.008339849942799156,0.6154826036902288
2001-03-23,-1.0754301632872851,-1.0368491986660215,-0.09027374366097878,-0.3952475358088692
2001-03-24,-0.05261130348999354,0.03448389700910123,0.4974783438405348,0.1834235634192081
2001-03-25,0.1498744834434217,-1.2472870487133756,1.4321711113890008,-0.6506738792962695
2001-03-26,-0.4664571853694012,-0.7653952927919059,-0.2558429634562566,1.059271895541664
2001-03-27,-1.3359080820189777,-0.7478805730479842,0.7612115174311074,0.6864961150205301
2001-03-28,-0.7331563143252263,0.2753126039842909,0.5045548086012316,-0.14763504782448214
2001-03-29,-1.6142616070976212,-0.03436964309766146,1.820808346963912,0.5327461380260784
2001-03-30,0.3261029041082854,0.8615979817688271,-0.275968657525271,1.8254843346374423
2001-03-31,0.9956974573013616,-0.30852540109273946,0.04474557072308954,-1.045552077836018
2001-04-01,-0.018167703730880263,-0.243208194992708,1.1063810330798458,1.2281776000576121
2001-04-02,-0.2850182821863727,-0.7325347071665045,-0.2790293186544719,0.15487859778031576
2001-04-03,0.05278094149292602,0.014027105795032531,-0.6920635223329286,-0.9208272577492312
2001-04-04,0.12252051669256935,-1.0618000450168157,-0.5222819723700146,1.21549839804798
2001-04-05,-2.520533904838386,-1.0034042042195896,-0.3673900433611697,0.4093043552512877
2001-04-06,-0.13694887997175034,-0.464905458059902,-0.6778180268805616,-0.14923870117815888
2001-04-07,1.8687601859057177,-0.2629538108164772,0.7086786224735968,1.355446763882021
2001-04-08,-1.1814655238335212,1.526207299156597,-0.42998263829221584,2.059924298152911
2001-04-09,-0.6380895578777466,-0.9436265834637704,0.2385522546857073,0.35814941001698763
2001-04-10,0.3794651824501301,0.08367129325623578,0.4363664413878495,-0.6894870128522279
2001-04-11,0.22649505979115545,-1.1688694996352929,-0.5815246523938001,-0.7390442416088279
2001-04-12,0.9279540060480512,-0.4247594052276628,-0.07459824476266702,1.1896243359020486
2001-04-13,0.6122042889392003,-0.31840513050396124,-1.13828409092327,-0.7309466406531605
2001-04-14,0.4876962907104811,-0.7410393849121163,1.784185694358075,-0.10088422995533372
2001-04-15,1.8430031798921216,0.11734819717216315,2.559410398703582,1.1828184444595846
2001-04-16,1.42880148119784,-1.2017034542532479,-1.3873809394452168,-1.5612601372708932
2001-04-17,-0.09168612568091816,0.9706619413520636,-0.18327405683004694,-1.2335484668123673
2001-04-18,-0.17359890491534946,1.722620221035169,-0.6599906430463075,0.5510793771195575
2001-04-19,1.4020477012898978,0.5997680669970319,-0.7771907750280617,1.2935275797027732
2001-04-20,1.9663880259058109,-0.4110252286192617,1.0891063862839387,-0.7054117971034138
2001-04-21,-1.6924328251340242,0.14925507611338404,1.1748193174947974,-3.1827459707885297
2001-04-22,0.28558186034697924,-0.6513969744269956,-0.4882925929536762,-0.2001485228978556
2001-04-23,0.5123598382333514,1.048554139480151,1.1463737871452164,-0.8675734922648293
2001-04-24,-0.2571504566682257,-1.7687088843987504,-1.9729389159169952,-2.265886814989729
2001-04-25,-1.7827398646017665,0.8934439449195276,-0.2211930346690592,-0.35549818632343705
2001-04-26,-0.3271342858979816,-0.44064528411510795,-0.4676019418875508,0.049136143800346095
2001-04-27,1.5137928103339608,-0.2555948093967624,-0.7207817955059788,0.6610868242626696
2001-04-28,1.3852605541550054,0.802857769783604,1.3898886071670524,-0.8977667633355964
2001-04-29,0.9176007148251548,1.593955484327397,0.3424668098867713,-0.01318387015893777
2001-04-30,-0.07798820134747282,1.2405574968878683,1.1101389491974958,-1.012431322981408
2001-05-01,-0.6245153861348026,-0.9735622243106364,-0.5578294878098876,-2.9603361221334237
2001-05-02,1.6800326574952396,-2.7190203761456364,-1.0922325299064477,-0.9609561110512096
2001-05-03,0.4785538994404706,1.5609230213755665,-0.6536881216607219,0.851002777563513
2001-05-04,1.5898527370442732,-0.2454601623873036,-0.06365816556786427,-0.8863309654751342
2001-05-05,0.6897527108653266,0.7976545610940907,-0.04825500216126285,0.9631969698062284
2001-05-06,-0.8641029113514657,1.5554903676632392,1.0195604316827949,1.2480364413235248
2001-05-07,0.2814638757505519,-0.9420633181300936,0.01417587933907838,1.8660150678076408
2001-05-08,2.1831466160902693,-0.9123696377799048,0.726968506873828,-0.9912645031179016
2001-05-09,-0.015657195709682232,-1.2505216527104803,-0.5502493008788469,-1.307160050132615
2001-05-10,0.02774642795253817,-0.8832019010475193,1.1266407021023903,-0.12715174435445578
2001-05-11,-1.2438858817257994,-0.4790607821784225,-0.012738551026760593,-1.186185593146916
2001-05-12,-0.1926596203071952,0.28486167044697025,-0.2081763159686624,0.5110879018297847
2001-05-13,0.7435212700699023,-0.2011246247511441,1.1014006158807703,-0.18294050594021555
2001-05-14,-0.8798580765282102,-1.4304452715007419,-1.0202483766081776,1.655219758191158
2001-05-15,0.40789839687479423,0.03949819773370894,0.4351571325757358,0.4957292688013426
2001-05-16,-0.4856969115537969,0.04303737028173992,-1.2843514955795683,-0.10385712739976152
2001-05-17,1.3600174445868196,0.4975650554983075,1.0050351792711292,0.7185850865919213
2001-05-18,1.1410899721473653,-1.2203665672783612,3.2102327794728382,-1.9342013472428083
2001-05-19,0.2413581165251719,-0.2620708330269281,-1.5624158624349496,-1.2015280785228877
2001-05-20,0.1727085834772285,-1.0317902752392751,-2.192151305190266,0.6610563578739292
2001-05-21,-0.4427625212247597,-0.33928347739368725,0.9093139126265056,-1.0505727460307253
2001-05-22,-1.7509410822421263,0.13143683732725106,0.4066984102589301,1.5590438128789743
2001-05-23,-0.8407840290711829,1.0500075756583922,0.20875712139188995,-0.7241857794529606
2001-05-24,-0.004119178721276595,-0.2346720645408065,-0.03814306762566602,-0.05771695830207491
2001-05-25,1.4688944613952657,0.8778657033718149,-0.27902581643463104,-0.1813392629275377
2001-05-26,0.6664778319409066,0.4691783403451754,1.4100496259454731,-0.032094421471340666
2001-05-27,0.2343710406009993,0.663354855178218,0.008153440787423956,-1.1773310821089442
2001-05-28,-0.2943111946962151,1.623777799639414,2.494532194549081,0.8026243898410281
2001-05-29,2.2132886569434542,-1.0657675984809942,0.9205451085403707,0.140740842956115
2001-05-30,0.3273200948727377,-0.7135439412076983,0.955849683161058,-0.7681124906637863
2001-05-31,0.3608243475812503,-0.7860520042127273,0.9555236626353368,-0.5844128542630025
2001-06-01,-1.4004292890192669,0.5101925782679393,-0.3810776917820885,2.404615663739477
2001-06-02,0.3292523394130679,0.9330190803119224,0.7057684191884673,0.05410408751869903
2001-06-03,-0.16143468378817918,-0.5117360717390725,-0.5275363437221869,0.6964575098356414
2001-06-04,0.1018390691637322,-0.3204282700879115,-0.08779649755364008,0.02303414048708669
2001-06-05,0.9301254371227228,0.22646370214402906,0.11459287533181252,-0.7759708051604285
2001-06-06,0.5306199785654587,0.3809918073328731,-0.3143028665850057,0.4418392435829226
2001-06-07,1.0145012138992595,-0.0006192146996370157,-0.7535143513011037,-2.01222633893792
2001-06-08,0.3260377019210984,-0.603547506521277,0.03444817025669451,-0.33110896134275764
2001-06-09,0.4202510736880311,0.6753647564347561,0.7211626020355468,-0.8679704279014963
2001-06-10,-0.8999721163474897,0.775597933199009,-0.2513009807800509,0.2390151021839284
2001-06-11,2.100026418015108,1.9245759745331843,-0.5760866978695139,-0.6109191889589469
2001-06-12,0.6892578430550504,0.9694066432812216,0.5796700801608315,-0.12577709979759896
2001-06-13,-1.2905518682249173,0.37496069480944577,-1.1820406605857503,-0.2102152046616352
2001-06-14,-0.3782312831338306,0.3392994269367311,0.007935023354522697,0.02744466074064372
2001-06-15,-0.09722936702976216,-0.524227634654241,-0.6704548413472308,1.5189714225533093
2001-06-16,0.10344690851325312,-1.69087724596328,0.19272558582718108,-1.1560666692976964
2001-06-17,0.6658790590605745,-1.0097697064089963,0.015733873937673892,-1.0190296369893173
2001-06-18,-0.3877072187175901,-0.4459797871797883,-0.9128925370109048,-0.5880980425182384
2001-06-19,-1.2269215928559651,0.6223103295976139,0.027308169499314115,-1.4031732248990725
2001-06-20,1.6000905006693424,-1.1849528949001549,-1.7359221304186094,-1.5479192260078247
2001-06-21,1.5462933068820306,-1.0948577937217103,0.8473604244621891,0.030854979212556043
2001-06-22,0.3084501328100613,-0.010440986582442269,-1.0335869886615898,1.4280054106152409
2001-06-23,-0.4288497156302503,-0.09629549667573778,0.9077584601838362,0.7687995244085091
2001-06-24,0.2925809546008531,0.263580519377359,2.139654872563473,1.372337396880826
2001-06-25,-0.2824049676928729,-0.9448717801683982,0.4988070545744142,1.0547003410634357
2001-06-26,0.6160528397025151,-1.0396983461677802,-0.9695963281260644,0.4501509303792731
2001-06-27,0.1861164760047008,0.07242325192222056,1.47333289055796,-1.2184503310962471
2001-06-28,0.8600895996237675,-0.7240844524882013,-1.1431413607666632,0.3921479098421982
2001-06-29,0.2261647073320329,-0.29761752367477545,-0.7827986645513447,0.6818992351543391
2001-06-30,-0.39054663701187103,1.135032700617047,0.5558447784004976,-0.9983503599146408
2001-07-01,0.4083353849090302,0.3418780846777122,-0.7143156150032863,-0.2908005270007033
2001-07-02,1.4196006480310508,-0.4323050439349079,-0.7129809831688688,1.3279533952094853
2001-07-03,0.36333867221947225,-0.17358928310526173,-0.6339023704022804,-1.6664042036677709
2001-07-04,-0.11478452609169268,0.5737010779942122,-0.12014811798509875,-0.13071612413228145
2001-07-05,-0.8390381679709671,1.8099362090783,-0.7362449629071502,0.11659880364800893
2001-07-06,0.1951078481995258,0.909078415539217,-1.0174849176897702,-0.9808278288111388
2001-07-07,1.0697276125677344,-0.21758568885018048,1.3215797625325862,-1.1487132515076803
2001-07-08,-0.2558982320000631,-1.5098568978499085,-0.7486763896173874,0.1874692947334136
2001-07-09,-0.9426138223048964,0.09501684829870227,-0.6954238216965082,-0.6061093158698089
2001-07-10,-1.0711826244661906,-0.35148137081232866,-0.13210867135939253,0.5235015636890412
2001-07-11,-1.0479405474079937,-0.04059421429715493,0.3938910625759041,-0.15526317153110408
2001-07-12,0.8001378429063934,1.4843880674622465,-1.4649304894408832,-0.7678568173059271
2001-07-13,0.21847289234563366,1.2310233520958451,0.18033379787191609,-2.271372211089286
2001-07-14,-1.3005493849440355,-0.7295227924425047,-0.5140189752790174,0.3181531134146869
2001-07-15,-0.7258088046197964,-0.035713885334238166,-0.6649114513563712,0.4718830585441111
2001-07-16,-0.22367169793288208,1.1974550239740858,-1.4483388785569655,-0.4779953511727304
2001-07-17,-0.6432021843011854,-1.1560945507993536,-0.3594808062259631,0.008295345539454985
2001-07-18,2.52788799023635,-0.4904258187474698,-0.6962517030527128,-0.7140826186103122
2001-07-19,0.5644326806325005,-0.8447702897862149,-2.1518438183376727,-0.4533626097296543
2001-07-20,-0.1280411739783867,-0.9023009686344716,1.329346561328051,0.07833699297363758
2001-07-21,-0.5567193012055061,-0.9805830720341508,-0.4539495992505878,0.6344590423089662
2001-07-22,0.8153045932606429,-0.7038950743500909,0.7189227369665772,1.2223670192524778
2001-07-23,0.3493062416589016,0.9155217732850176,0.9308472176937496,0.12395557926058536
2001-07-24,-0.6165755458104544,-0.7660296592205357,0.9296828385928041,1.2008733061940344
2001-07-25,-1.6634400854626072,-0.19365955267853546,-1.4934321969911493,0.1455568230306021
2001-07-26,0.10436303430931232,-1.284164087870573,0.8966281804371974,-1.9305561355243641
2001-07-27,-0.6097518390592116,-0.7167397282643394,0.5589029485481257,0.3202900193212673
2001-07-28,-1.1042237362546563,-0.8757735971827709,-0.22037197503194264,2.557317647261665
2001-07-29,-1.1273100222707009,1.6486613683845541,0.6015299789160251,0.7672292780749415
2001-07-30,-0.6988455053680059,-0.5329792687196989,0.04403446666946239,-0.5355576758113051
2001-07-31,-0.3069742307066789,-0.3415440032384163,0.4976777574120597,0.4878664251193505
2001-08-01,1.6214390329309678,-1.7976130567614863,-1.4700412485939782,-1.4837567735409685
2001-08-02,-0.682598300903728,-0.2886343876285548,-0.45202639324101,1.1156335185595112
2001-08-03,-1.0983194845831867,0.7229016802174331,0.9451113974200452,0.6459484964072694
2001-08-04,0.2583740116840426,-0.0873012223935247,1.1660688849060517,-0.1800114249914864
2001-08-05,0.2929365440838898,0.72721222304193,-0.9688569030116252,-0.9405256519228562
2001-08-06,-0.2801331667090568,-0.34671197753014504,-0.4616670047522617,-1.950355108848976
2001-08-07,-0.1466582294350563,0.10506540072634578,-1.0862634298560994,-2.3204206664471623
2001-08-08,-1.8675682335510568,-0.5778204494966408,0.4136610800579169,1.0963048127902515
2001-08-09,-1.3783655906289818,0.06859845797868272,0.009743399838090616,2.340132452021734
2001-08-10,-0.1908853262339721,-0.1227513485068164,0.05891009247081438,-0.11478854310939028
2001-08-11,0.6620605418218793,0.962985570818514,1.889159626954782,0.3993416636343384
2001-08-12,1.2799282198752326,0.7068639722949636,0.8626208516382318,0.5301955788680252
2001-08-13,-0.981767938374222,1.146876427181839,1.0142050663207522,-0.12932012747484953
2001-08-14,0.8410764753261757,1.2422776177891817,-0.2505504022968357,0.6799963650722419
2001-08-15,1.2663893487302131,-0.7596372783079609,1.0507772733526122,0.9709623733078288
2001-08-16,0.8916867460339127,-0.518059894298091,-0.4526286344193993,-0.06866005362773751
2001-08-17,-0.3622511915559445,0.26033116894346425,-1.1614630737291425,-0.3992642917759939
2001-08-18,-0.8493143882914026,1.1646461462960216,0.932474129571963,0.7579917804787195
2001-08-19,0.4862432675729296,0.8016732599640608,0.44380020980179297,-0.0994959379926484
2001-08-20,-0.19348249640483373,-0.06867883842451893,0.07884223070522732,-0.8998094800805865
2001-08-21,-0.8219363336268353,0.7165300963754709,0.30143425970751553,-0.5538577410612431
2001-08-22,-0.8949841435229617,0.21014031940176106,-0.6304209803264527,0.3613922387285627
2001-08-23,0.4212038332846327,0.05531690843256961,1.169273611111501,-0.22909896126788684
2001-08-24,-1.4822860213828268,-0.6695118220790951,-0.20935620608788366,-0.3842691458896424
2001-08-25,-1.4058499185941589,1.2780815911967265,0.12902053259411794,1.110315944770375
2001-08-26,0.816085725512464,0.00113729049522151,0.013376346694050618,0.7196706365895424
2001-08-27,0.31490411480628683,-1.7957130548996554,-0.9855282510039394,1.4259433842737028
2001-08-28,0.7225184483189575,1.5292875650543392,0.12204800124181026,1.0224447502669534
2001-08-29,-1.1111683577289928,1.1083533677759956,-1.5117378872937497,-0.1958407265370212
2001-08-30,0.01589617024171316,1.3457620556312129,-1.2565954389281058,-0.9211276742751572
2001-08-31,1.0516124282696957,-1.8604599263253845,1.5127432395253335,-2.3131843200425664
2001-09-01,0.7122594421267917,-1.6594519408729265,0.15578573064081408,0.6379201422845325
2001-09-02,1.0003764959628891,-1.437011595724518,0.6085836706188393,2.1568801694161883
2001-09-03,0.8859059795220096,1.0499677480534269,-0.341497893295389,-1.2028654027919712
2001-09-04,0.13262421827475773,-0.034527174994743524,-0.21938381292238368,0.027721980889793614
2001-09-05,0.2757905713492214,-0.8264798236516288,0.9103741236868292,0.5266378584839563
2001-09-06,-0.5215495362124404,-1.2961892281857184,1.4493835108376796,0.39174760704337
2001-09-07,0.6326983752084856,0.4030900512558671,1.1598647569093457,-0.5896178217863827
2001-09-08,-0.2414671603903087,-1.3464106568717429,-0.939734761112646,0.3148084236612124
2001-09-09,0.16394357709633822,-0.8204689433166107,-0.7595290467097727,0.026174821897376136
2001-09-10,1.3204550481590025,0.0920029029035086,0.024468199583797992,-0.6553673891083964
2001-09-11,0.0792055881690516,0.9165868398989959,1.6051702827950771,0.5300939453031457
2001-09-12,-0.879615260607668,-0.15155418311378724,-0.3850678859542565,-0.9678464399149924
2001-09-13,-0.951491445529864,-1.9666268703676628,-1.324275545816061,1.4300775140674085
2001-09-14,-0.21890900999670398,-0.8025249292969159,-0.20403772439118426,-1.554421106274259
2001-09-15,-0.9005728854834706,-1.8656842499325148,0.05258077173808939,-0.09802815140191892
2001-09-16,-0.4570044965685841,0.14439198363996025,0.06150121818967296,-0.15707123233463596
2001-09-17,-1.0085171943638749,1.391120459379085,-0.2779622856278167,-1.50287090003597
2001-09-18,0.4522150354232629,0.9121553092972742,0.9228223303577424,2.520136318959813
2001-09-19,-1.2198366040784552,-0.9693394368194752,0.8585454089579351,-1.2063216242345438
2001-09-20,1.0903962303837038,0.2473914900321654,-2.12806562777174,2.5007737937928867
2001-09-21,0.145974197799232,0.3274017793706534,-0.2717075396214215,-0.3401868258519568
2001-09-22,-0.13575133081910418,0.4986933160185235,-0.5508986454973545,-1.4061309997590183
2001-09-23,-0.3630067803724933,0.604999647596944,1.5888728947000954,1.692374431006012
2001-09-24,-0.6392704311257359,-1.2789469134044438,-1.2227833459333524,-0.16186572915456526
2001-09-25,-1.6330024043233142,0.5366341196515336,-0.008860778799111341,-1.7284429087067144
2001-09-26,-0.8168611977574217,-0.7311561691866062,0.4200197889816769,-0.3029811321388972
2001-09-27,-0.18561381822294504,0.4815547896133362,-0.4200581563460557,1.4456146911771466
2001-09-28,-1.160240006377744,1.0386154996537822,1.855904685400263,-1.1110978583708115
2001-09-29,-0.07530071381389122,0.08587719381458866,0.6508376406884576,-0.5756562326401182
2001-09-30,-0.3410043801897737,0.859908781835002,0.14382308631767274,0.5814903403166563
2001-10-01,-2.3934951207851736,1.406063928896056,-1.0811828130814145,-0.011597725442394005
2001-10-02,0.5007321790363686,1.0638670756848625,1.056988177396209,-0.9259363624308284
2001-10-03,1.2863384094578367,0.5324061996675998,1.43005206326875,-0.9496805780060918
2001-10-04,0.7038051958066692,-2.117278348393403,0.3009087534056179,-0.6493724225419073
2001-10-05,-0.3224743593620072,0.4883942845925295,0.01795451504779293,-0.401934654679201
2001-10-06,0.4411304297067808,-0.16567250474647574,-1.09647077763622,-0.635075343610145
2001-10-07,0.45016167188083134,0.1614916111720718,-1.5016627608312156,-1.304648335370925
2001-10-08,-1.1266498679584591,0.10073237639080747,0.4120452044732343,-0.10381367019086367
2001-10-09,0.6146003957685174,0.3272374278158732,-1.163533103486623,-1.092423087351759
2001-10-10,1.52447640178498,0.4560865626704728,1.1439121786905102,0.7847169572723791
2001-10-11,-0.5528501515575713,1.128868363033684,0.27673606896664915,-0.1734511326228983
2001-10-12,1.122787422896456,1.7534812468150864,-2.185621291129316,-0.09479775247870124
2001-10-13,-0.6053151759625854,-1.2364980817767208,-0.5366422081715732,1.974515187418878
2001-10-14,0.813000944291271,0.2174300863779401,0.4369409987381169,-0.8427515790010558
2001-10-15,1.6762548894170437,1.464937805823423,-2.38447800565561,-1.097269490486782
2001-10-16,-1.1759549057308378,0.7367149823231548,0.08501165427643285,-0.3753609418658991
2001-10-17,0.07938084712403258,-0.02590180820360234,0.2528651433575515,-0.5330262026701977
2001-10-18,-1.1206191937222854,1.102770048898998,0.5499633392031439,1.1111590039223054
2001-10-19,-1.9752628469732456,-1.3251883341767507,-0.5055370446824216,0.7340640965704985
2001-10-20,-0.16027278451802496,0.5820295608115018,0.16744016613992252,-0.07293663466778727
2001-10-21,-1.1667999283963588,0.5399954581287367,-0.04283583059952872,0.35327487498140875
2001-10-22,1.3132195484772826,-1.9957163523015105,0.13727115970688167,0.8758218094538288
2001-10-23,-0.466221442660916,-0.026381006383596063,-1.8891256906304088,-0.2381160108679545
2001-10-24,-0.6276270007525431,-0.4008921426009887,-0.08996655887290379,1.5916009679986958
2001-10-25,0.4309524741307145,0.1959527298213895,-0.2870978869843186,-0.9970419902406166
2001-10-26,-0.4590241583729588,0.4446530343918321,1.0715068920056674,-1.4675304292477604
2001-10-27,-0.08851244635634427,1.4629300259668208,-0.4673751373791462,-1.7265312774311734
2001-10-28,0.9534180179643726,0.2619373119267348,-0.046873559220952654,0.6979792909962435
2001-10-29,-0.25248102967825914,1.6671391832343072,-1.9083661232819384,-0.08973652415142168
2001-10-30,1.8185617303254118,-0.6559294364161404,1.4743062641939535,-1.4566077586872397
2001-10-31,2.2262137231244234,0.6507740268145659,-1.4057899025397604,0.5324823310148272
2001-11-01,1.2541598799847953,-0.41165461624074096,-0.8055627500316329,-0.9203206498609664
2001-11-02,1.6670426171516226,-0.5739707777337637,-1.097202120789897,-0.19993285476179665
2001-11-03,-0.028488228896041537,0.5274369315262183,-0.05598462589331545,0.7942846380872083
2001-11-04,0.544007218757981,0.5649590399955949,-1.4254850058982025,-2.6786081287724697
2001-11-05,0.07774828831313248,0.1838953190840299,-0.11011861025475088,-0.525585904632138
2001-11-06,0.1650196132672758,1.0870655400165654,0.22994318053003965,0.9218749741890558
2001-11-07,0.06072238735297269,1.2970565857569472,0.09139516022210203,-0.4200314714183277
2001-11-08,-0.5916195309422221,0.3008139404956782,0.4037508929476927,-0.19711565627442126
2001-11-09,-0.1821701824950624,1.8907246406069584,-0.1873301531476331,-0.1162354904809983
2001-11-10,-1.1867472956389624,0.2863215634822288,-0.25212485772356585,2.045805641191496
2001-11-11,-1.2620436135300592,0.4075418555908138,0.27241807625147824,-0.7535268155731283
2001-11-12,-1.0370448275452395,0.3079315754301441,-1.3043971629516389,-0.6033397769740939
2001-11-13,0.3132048558798925,0.30185319496428864,1.0528834252624384,0.8401507856446925
2001-11-14,-0.2734943796138436,2.000622210096252,0.2622435819300664,-0.8596127069969232
2001-11-15,-0.3274561536197162,0.5213669174930046,1.2827728796428086,-1.7712799459856043
2001-11-16,2.1058263824322485,-0.061555643875962025,0.6612447357155835,1.444373496855844
2001-11-17,0.12266355467565307,-0.8824640281680677,1.5023969026689,1.7305465008951124
2001-11-18,-0.7343854299694438,-1.6570592187477933,1.2256960168738564,-1.089167291258478
2001-11-19,0.6826477671978197,-0.027381094687410425,-0.12581972145917766,-0.6457547069337958
2001-11-20,-0.6702072277460546,0.8339404741574209,0.21814587767278332,-1.1992491169475954
2001-11-21,-1.8415704994694688,-1.2104338913153116,-1.0995885907626772,0.7643653628247249
2001-11-22,-0.6950516644860811,-1.0089758295107452,-0.08386443331501661,-1.9206328089977533
2001-11-23,0.6451167509946599,0.4780419213118386,0.1597607648937158,-0.7288554706105851
2001-11-24,-1.3649583129502345,-0.3893566706343295,-0.8879074743859288,-0.19024551073345386
2001-11-25,0.4965686666891694,-2.530952695645796,0.621591145265737,0.13224822948326634
2001-11-26,0.8535896187290872,-1.7496016508515693,2.1881337615076486,1.5614179008871496
2001-11-27,-1.82953400907249,-0.4970926051689553,-0.5393775926881931,1.0549868832709872
2001-11-28,0.2292613687715942,0.949401954945308,1.0487270616272422,-0.6471177025916854
2001-11-29,1.2921657641089273,-0.16121583640570186,-0.6746587701212748,-0.15333536314979815
2001-11-30,-0.5119652301088696,1.8707592320975093,0.12335543346537604,-0.4197592388720562
2001-12-01,0.2294577188391184,0.4024897675571146,-0.4563210470849826,-0.17012521197573133
2001-12-02,-0.026084545752962502,-1.6907330258584607,-1.6736939977275227,1.1688061405531391
2001-12-03,1.2631393981063679,-1.4241483056911883,3.3424844555880395,-1.0364162505152033
2001-12-04,0.3868146942296451,0.4079995307310442,-0.17616026665477766,-1.9529882017817604
2001-12-05,-0.12728442208777455,0.16792088701485453,-1.7766881244515569,-0.28021311834127394
2001-12-06,1.472319342354669,-0.2530041790229823,-0.18925783818356592,1.1336970945363378
2001-12-07,-0.6990094825475383,0.6640931372064413,0.7708194009065904,1.0996541458059852
2001-12-08,-1.1152241065568735,-0.38384685723373024,1.4567921092822014,1.6017441097578216
2001-12-09,0.2287248045184802,-0.09107770382836522,-0.9923092038711594,-1.291216688169232
2001-12-10,0.4310109882942648,0.8540636497261753,-1.0892349705341149,-1.0066876269521552
2001-12-11,-0.8834559113443762,-0.3760830671031471,1.3879921471447338,0.11155209812536082
2001-12-12,-0.6363047961039955,0.6803620580000023,0.7976656493090171,-2.1340765228885203
2001-12-13,1.0652827405711642,-0.2993307217129035,1.1178747827826658,-0.8646963335208914
2001-12-14,-0.2240222760330572,-1.0435843034258685,0.6161044352864411,2.412325721460837
2001-12-15,-0.2684371578151896,-0.491640074290272,-0.6280652862098407,-0.2188752663417356
2001-12-16,-0.07682299162552117,0.9977516299788722,1.0209038626864406,-0.2806332926842642
2001-12-17,0.8672682624886747,-0.2492539923362505,1.108090099266216,-0.021325198529905
2001-12-18,-1.1574231586442711,-1.0789743179749076,-0.3827700339463085,0.4992964277537848
2001-12-19,0.034684032888760964,2.0869567977229866,1.4746579063308711,0.07912155409006814
2001-12-20,0.06467622051530729,-1.1534326694104515,-0.5934139253867272,-0.26329424919725325
2001-12-21,-0.14363606748350172,-0.09500431596307432,-0.030645216285297962,-0.4977977273062323
2001-12-22,0.5610287729928674,1.311736446227051,-0.17013659879325094,-1.8360683523907024
2001-12-23,-0.3511353185770211,-0.24175650129215376,-0.1377145852953876,0.4939954116582106
2001-12-24,-0.09818767197134007,-0.3226015495480124,1.1712953393082115,-0.5777844437060694
2001-12-25,0.7703418546777235,-0.8085801521864414,-0.4736111183256447,0.7689660174269421
2001-12-26,0.00571272648310292,-0.7880778127095529,-0.597319317207499,-1.313448152886896
2001-12-27,0.9318859185925112,1.260673322941045,0.05315890986887052,1.1542869909091305
2001-12-28,-0.28534530442239003,-1.982008382512369,-0.4149289704954319,1.8034989195723017
2001-12-29,-0.6662764122319697,-0.4602039961575301,0.7597063799213226,-0.1947845206315404
2001-12-30,0.7526631088382809,0.996118896806508,0.9948173211095968,0.6014801418508519
2001-12-31,-1.11070048411672,1.3833749376920352,-1.3000778621194635,0.9830436736361172
2002-01-01,-0.4337577099281149,0.3030471356987664,-0.65811032293513,1.2924000122199586
2002-01-02,-0.6506001089042555,0.12784254614397256,1.8348143123340488,-1.0206960892014552
2002-01-03,-1.050039569957398,-1.5149916724118824,0.814764035535487,0.6484536465026378
2002-01-04,-0.5912468488187033,0.9841501218743148,1.1176262243218975,0.007003998456193016
2002-01-05,1.0430365107912631,0.11048853844019894,-0.7240764726442447,0.841824915029557
2002-01-06,-2.582656297370399,0.5034328028071023,0.4284546512545108,-1.7032622220198201
2002-01-07,-0.20832877368438651,0.5793613556905423,0.4858345268129848,1.1596736517659856
2002-01-08,-0.7802034467945336,1.3922559692082588,1.538162448592521,1.3263804335462532
2002-01-09,-0.6397239869532345,0.2431425184116474,-0.41200982961707305,-0.013004209838496126
2002-01-10,-0.8068664277804359,-1.1215631559387147,0.08681940994865456,0.4782445172798608
2002-01-11,-0.1133749218094462,-0.7751372356093492,0.4754558688388793,-2.5919557976071776
2002-01-12,0.35822254032025586,-0.8774658796500451,1.7020506348079716,-0.04501162628763603
2002-01-13,0.5742083022795791,0.2836630269087611,-0.11657964648997485,-0.5974591002912166
2002-01-14,-0.09596375064597536,-0.16040688161592068,0.0010421170723343613,0.3379908384090122
2002-01-15,-0.4854672528928744,-1.025231869797912,2.16494192162213,0.8039823528913572
2002-01-16,-0.43499722397402096,-0.31777293670707474,-1.869600475870218,0.5360952836934972
2002-01-17,1.1145670870266886,1.0990154765378903,0.6145463484234632,2.3505078075148926
2002-01-18,0.5420650619934063,0.5994192519136149,1.7013990016335037,1.7051899652811595
2002-01-19,-2.6902867617079513,1.4585568300736291,0.1953232713763496,-0.30411405960566085
2002-01-20,0.6324608204411236,-0.4718635488166092,-0.3560456682276396,-0.5652174963547117
2002-01-21,-1.8656708896110201,0.5817570484600633,-1.5088208165734145,-2.836327462625237
2002-01-22,0.9389114410668196,0.557793034880183,1.9091665867853882,0.7609780286336678
2002-01-23,-0.9571055026335996,-0.0821978609820796,0.5789710344266008,-0.4249739975947437
2002-01-24,0.6477268004846011,0.8212002459337839,1.4305400652125078,-0.2802601370305585
2002-01-25,-0.3225190446147406,0.4185672476369113,-0.4259785507896721,-0.060102496463078
2002-01-26,0.41130852901363496,0.5339370339916218,-0.8483685188108854,1.5282485301146216
2002-01-27,0.2692010950886013,0.206840730000832,1.1230230586043168,1.4353922606155538
2002-01-28,-0.2426799422428625,-1.42323380610044,-0.3354747903548505,-1.2529509268414585
2002-01-29,-0.11767123109525028,-0.8144251019950289,-0.35294435191796103,-0.28769316282431123
2002-01-30,-1.3470628983593442,-0.9837317520667328,0.6511273380023368,-0.13228640205141012
2002-01-31,0.2395071466286491,-0.04071617784517923,-1.4364511192979004,0.1832775227984007
2002-02-01,-0.7211234435125451,-0.8989623056257449,1.694173439203432,-1.5709176819428845
2002-02-02,-0.1894203217560664,-0.19847232522336367,-0.6908188363125554,-0.4492793549658026
2002-02-03,-0.1328001779149858,0.1946113216498938,0.4963515570774121,0.5121123074667835
2002-02-04,-0.9119792744957712,0.6521549371572094,-1.4565300281441018,0.4903866048195817
2002-02-05,0.2857634164241566,1.2024304134076025,0.07130465154621778,-0.2851847073017398
2002-02-06,-0.5272396848092267,-1.5520585766785442,-0.5452426026577272,1.0164148423642516
2002-02-07,0.5332090595945905,-1.7926241436214558,0.2494096362208774,-0.6294451329015895
2002-02-08,-0.011689889786254357,0.43517320335378296,0.4285088125170409,-0.08348783500985779
2002-02-09,-0.9702851099892922,0.8804405259816581,0.8758228072001042,-1.854863465575106
2002-02-10,-0.2789530469622216,-0.5593210742659638,0.8397577070180972,0.7277843436029052
2002-02-11,-1.664338261845375,0.4594684053322434,-0.6827371256208765,0.302330334027234
2002-02-12,0.0497844449304162,0.6803871098205152,-1.4316483581905777,-0.4657047197593354
2002-02-13,1.4462124748536678,0.9626202018827728,1.3525015374454799,-0.8270034493623704
2002-02-14,-1.202853994303073,2.199980333403896,0.4711106214832739,1.6596459320474481
2002-02-15,-0.6125233568110546,0.007453683069144183,-1.8778871978909464,2.2092552331928874
2002-02-16,1.9602025512409984,1.7012207242102473,-1.3705443647238502,1.1198939259639202
2002-02-17,3.4122362677697287,-1.292606083912937,0.546363351341619,0.09730407714144244
2002-02-18,0.40928766270894695,-0.802418146050353,-0.7285848412434862,-2.5963538697161077
2002-02-19,-0.3388919199022091,-0.9487193404754872,-0.9665269490380076,-0.8058985977746432
2002-02-20,0.6121804371007119,0.9166470213287083,-0.1136375252161017,0.6674178364614441
2002-02-21,-0.06709041480785766,0.08505945730640475,3.271578141489621,-0.044724181541297384
2002-02-22,-1.376263228411989,0.4862537123420069,-0.9489463751839872,0.662739285798252
2002-02-23,0.6443633101254498,-1.1859782869226476,0.11345084163863565,1.1510581115059315
2002-02-24,-0.2602513717791711,-0.2028880873817009,0.6332853689522602,-2.2736685095042843
2002-02-25,0.0746347705359962,-0.18587663007396074,-1.3261792296862491,-1.0678547563582692
2002-02-26,-0.6392180160899675,-0.1750821882152423,-0.7582188696194297,-0.28427072363415257
2002-02-27,1.19402161948147,1.3996308353333498,0.8611626957399198,1.1928507573469105
2002-02-28,-0.5328526262563231,0.3972970202560975,-0.9725756505292829,1.0699004703179738
2002-03-01,0.00974544203738365,-0.8427196908753793,0.8896584996674832,-0.5002975737812132
2002-03-02,0.3246672076769809,-2.455976261059853,-2.987971138961773,0.39920572374824986
2002-03-03,-0.6205789253067705,0.4362351122999921,-2.0714269946639368,-0.2638391478179465
2002-03-04,-0.03227348978375853,1.4434864442535256,0.954298968555154,-0.12418724615752215
2002-03-05,-0.2828227091265517,1.302865139735789,-1.2666428470601698,0.20234949758132692
2002-03-06,0.13227661584176315,-0.3951389369242482,-0.5602567987607068,1.0308819825214428
2002-03-07,1.2509755626893408,-1.1574669477481387,0.32159204873157554,0.5508651396275908
2002-03-08,0.8432352483451876,0.15264139480675884,0.4429742403006494,1.2065319856772558
2002-03-09,-0.08661213979442024,1.377137656832394,1.2938558448831392,0.5645394347821565
2002-03-10,0.6542047946982049,-1.6056692713017169,0.3257598295451973,-0.6923924135800218
2002-03-11,0.5216057358357654,-1.0580914782220006,-0.5824373950347426,-0.12280989055367987
2002-03-12,0.7360509536284128,-0.2038876368929872,0.4957671440035744,-1.4124749723772687
2002-03-13,-0.8189711319064675,0.1977717508071491,1.1305617479636836,0.300440529897699
2002-03-14,0.7855745577698274,-0.4209168935737884,1.2170092726888084,-1.938911931392015
2002-03-15,-0.26660759662484484,-1.9711844107836929,-1.892072707441904,-0.1748826682329352
2002-03-16,0.05154154487624536,-0.2001800782864271,-0.6734983771945421,-0.6082490845606233
2002-03-17,1.0277904954195536,0.16610339937330298,0.24302084393865,-1.2489193543803725
2002-03-18,1.6059044329248666,-0.6346007159751489,-0.8062935835216022,-0.0329317320237432
2002-03-19,-0.6037418621709979,2.7740320094172963,-2.125686286098094,0.01926194823861476
2002-03-20,0.2933023249665607,0.6976192947754716,2.6087058954110947,1.8178660272459053
2002-03-21,-0.7201993972217037,-0.2379757193991042,0.9319122485972104,0.02831412529830077
2002-03-22,-0.5572454787516072,0.037053658855497516,1.1678262961828318,0.9653845558590274
2002-03-23,0.8758980094621072,0.10445425900585087,-0.5398020007370055,-0.6627943322335018
2002-03-24,0.3203330217480682,-1.133015127669362,0.4296444797745164,-1.2253459078153617
2002-03-25,-0.6547357816108982,1.8767627039949208,-1.1560835840603243,1.570531540363479
2002-03-26,0.12962933961367445,-1.148890509542275,-0.04434075485821326,-0.9480685037526616
2002-03-27,0.005718277149326117,1.2190712793337428,-0.27672505470647546,1.2247704636802987
2002-03-28,0.2905940523230965,-1.1036011620869828,0.5764341609314222,-1.4299107955038424
2002-03-29,2.3762076271777177,-1.4642794287704357,0.5116339335104149,2.1516668232627274
2002-03-30,-1.7137596559751092,-1.0518559994231136,-0.13123988150126142,-0.6563327327195871
2002-03-31,0.22339695585736186,-0.5745640740543329,-0.7384242898719219,-0.6950640163928634
2002-04-01,0.2621314720876413,0.07243438520123194,1.388574361342397,-1.5906270667503766
2002-04-02,-1.0657798908563063,0.16631396083228528,-0.4882532949183929,-0.5613632182925026
2002-04-03,0.9463678137176216,-0.8326233173656141,0.2705178580043919,0.4380014530603331
2002-04-04,-0.1906912479898946,1.604610472606484,-0.8829060266915281,-0.9138722405508656
2002-04-05,0.07638512368977372,-1.6170540229326902,0.3347943589314192,0.5029522131738733
2002-04-06,-1.325138123975392,-0.4753263532023011,0.4218531945662312,-0.3650087316930519
2002-04-07,-1.4153600955822945,0.39594392573979664,-0.1670293670732145,0.29699622796640496
2002-04-08,-0.7652499652889828,0.8233671627255705,-1.3316586482198114,0.7452517850932212
2002-04-09,-2.370752521315409,-0.3718758102299738,-2.509200259765896,1.4224307407754897
2002-04-10,-0.5015284866807098,-0.9295320012044724,0.2495929565906894,0.4649678731622426
2002-04-11,-0.7037377550314358,0.016069313790947358,-0.28600552584377537,0.7443693288566687
2002-04-12,-0.5650151928870109,1.4374097063461029,-0.8788093498353932,-0.8647084718988016
2002-04-13,-0.3131085564842874,0.5140214684875298,-1.4961095948880134,-0.4846245694703229
2002-04-14,-1.2371070580677752,-2.1027858965455475,-1.1278984485164338,-1.4066006836908134
2002-04-15,-1.345334181283215,0.7059051033981762,-0.1348353352946418,0.6843206039781503
2002-04-16,-1.2989639274944558,0.5735055129725987,-0.36009274637977745,1.2503054016876438
2002-04-17,-1.0689269513004866,-0.7838586057839134,-0.2468609491156125,0.1823666049249416
2002-04-18,0.20466773415891976,-0.19674363281720825,-0.3607454193708399,-2.0304120900576867
2002-04-19,0.1718947621137117,0.7428724412851535,-0.1547291998245089,-1.5443897425106117
2002-04-20,-1.7584513282747651,-0.23278951307623866,0.7942807944330579,0.6225924926774702
2002-04-21,-0.2365006595274833,0.5733817701907774,-1.231565785025865,0.5130651837481637
2002-04-22,0.018177062963290545,0.36177792531798936,-0.5139532573238084,0.4927148102664212
2002-04-23,-0.2533050546044797,0.7584656369201392,0.331081370740723,-1.3559075401957938
2002-04-24,-1.4934775612254074,0.2276021815186661,1.5158840200767822,0.2133979857683125
2002-04-25,1.1780718515374131,0.7776500970552837,0.09114016185752076,0.05493101538256148
2002-04-26,-1.237898074432605,0.8487182381504419,-0.8233999911979788,2.8065719094876544
2002-04-27,0.7691077626074765,1.1694497503748436,-0.10379066019417214,1.693153703445386
2002-04-28,0.14784148939419922,-1.71041993652192,1.8700511926088916,-0.1591614760802976
2002-04-29,0.8567488606651583,-1.6282734925763318,0.8806747480128153,0.6487433121822882
2002-04-30,-1.5566782121592435,0.981102063822811,-1.1132963989787463,0.2844441867592848
2002-05-01,-0.4101871914924261,-0.17497264496954346,-1.171768838275692,0.4032920935660694
2002-05-02,-0.3907440468608808,-1.2564484664515156,-0.0915867592350899,0.7016767770161549
2002-05-03,0.5394525954043118,1.7099786703691602,-0.9647265136063928,-0.4323675835244945
2002-05-04,0.6329265541012407,0.047837627846824035,0.8402141668995233,-0.3494972107385871
2002-05-05,0.8679963503445174,-1.465214624760266,-2.090582210075076,0.24922101750882714
2002-05-06,1.0427365533558421,0.3241347152784546,-0.1878835861171949,0.26387676774577834
2002-05-07,0.1218240440817902,-0.1029826744368095,0.12513563758888438,1.2903319268777504
2002-05-08,-0.1093421286146388,0.4362503072693533,-0.836420189382359,0.5035976932271706
2002-05-09,-0.5745609712663899,0.21049771152582306,-0.4797488576264498,1.3544848020065048
2002-05-10,1.076639818179308,0.2606671766865832,-0.9957136842750466,1.8948547042571344
2002-05-11,-0.5121657184058209,-0.14632522062951922,-0.23999572065589056,1.7125924353887727
2002-05-12,-0.5187391464703945,-0.1711338280837368,0.7774118889106538,-0.2568508854278401
2002-05-13,-0.882524352809991,0.008527946473972717,0.4313937223739152,-0.8527342074488256
2002-05-14,1.9580199391635087,0.008863510718336938,0.352177031631769,1.7399323391118222
2002-05-15,0.007917437404412973,1.119466753304429,0.7661545453889048,-0.09907986281828823
2002-05-16,1.0957411205254937,1.9404471397339016,0.5947420433229047,-0.22974130268037884
2002-05-17,-0.2169733139763922,1.0982844627030992,-1.3820752278075192,0.1571217055543262
2002-05-18,-0.120565989192291,0.23804865269669165,-0.4478079038225337,-0.10210690050528863
2002-05-19,0.12955663541877724,-0.7514926392480635,0.3245547266072273,1.4144166799570803
2002-05-20,0.9946882774215698,0.6852446036588415,-0.18384598470546773,-0.9551710010622864
2002-05-21,-0.18090094195068854,0.4984933452056325,-0.16832536548938595,-0.5646689999541513
2002-05-22,-0.25584915483692205,-0.9895064176300126,1.3747150983953416,-0.1632945623219686
2002-05-23,-0.6346370257892291,-1.0535725622130068,0.05217017831995562,1.1947345915314904
2002-05-24,1.123006718031202,-0.9673256482067164,-1.2022884280044115,0.9014386437199198
2002-05-25,-0.5461681941088078,-0.6335567422878734,1.7320838733559596,0.5496890810705093
2002-05-26,-1.1131373403481772,-2.1540500265748217,0.3406754266293935,-0.6758240263188652
2002-05-27,0.020690745151282504,0.5558976261264424,0.7151167660554629,1.952826211844936
2002-05-28,0.5542168857374848,-0.3597612359054709,-0.4735993153227737,-0.516984517667751
2002-05-29,-2.00407391329268,-1.5043594765759365,-0.7561357013303703,-0.4865156259342069
2002-05-30,-0.2895842768472921,-0.8487063983050849,1.6509879595266206,1.6790725950185397
2002-05-31,0.14775227456414025,1.6045813240121538,0.8743228535139954,-0.011826564379233084
2002-06-01,1.3341138778196349,0.6428207982959638,0.40084967414553097,-0.1108943523865443
2002-06-02,-0.4728944646907241,0.673688407642605,0.5553356344816831,0.09359783219842288
2002-06-03,-0.2757653685625469,1.377852419453235,0.9372774524413964,0.9143981463869336
2002-06-04,0.2392336168752406,1.2825877982850833,-0.7622023886685971,-1.3138658478895713
2002-06-05,1.0535680001804857,-0.7482654741236403,-0.3724807212902855,1.9476069474874416
2002-06-06,-1.3079253607357806,-0.4264370418052511,-0.5690545602062904,-0.3917912703847044
2002-06-07,-0.01741923565598266,1.0923407044725648,0.3545952557260089,-0.14243012459640525
2002-06-08,-0.36673626193479547,0.16615466954805636,2.490379475055336,-0.06399496844699147
2002-06-09,1.3918647282966825,0.7413543129028546,-2.0576099770653054,-2.7263099835532025
2002-06-10,-0.12073562879103066,0.9745806967125872,-1.2542788861984735,1.1569312703757555
2002-06-11,0.9048285308785172,-0.12606429203609898,-0.7757244444873787,-1.2298651385018335
2002-06-12,0.960950875422323,2.1343148303457755,-1.2497547977638783,-0.7941414324235467
2002-06-13,1.9057841888538247,-1.0978291640850049,-0.4180639038739373,0.7415347505471028
2002-06-14,-0.7536357628936471,-0.1779425344935037,-1.3338930830366973,2.1847097663973982
2002-06-15,0.3004007506571668,-0.08114754118809174,-0.7743136202676895,-0.6223099481875478
2002-06-16,0.9771386444888992,0.7714926903526423,-1.284646442928454,-1.2319478244597393
2002-06-17,-1.369640828885501,-1.1844002107175078,1.6547839866573164,0.1844617606760828
2002-06-18,1.6865749832774055,-0.9918263838662128,-1.0805202171053008,-0.006735036693451577
2002-06-19,-1.0615237742471744,-1.7715221868016409,0.5366515128772015,-0.45403307217617206
2002-06-20,-1.1573828953420542,-1.7951163967075678,-1.1993211224171136,0.05615652995635041
2002-06-21,-1.1726166170115735,0.3876494477741608,0.120999045065768,-2.518938375917354
2002-06-22,0.2973043616430775,0.15603650995641286,-1.8266983515139383,0.6650062462035865
2002-06-23,-0.7889807936931221,-1.014578362612626,0.4047125272925284,-0.06639654916220424
2002-06-24,0.46302229007687,-0.0931284740751116,0.2498904602423153,-0.9701234345956138
2002-06-25,0.1804748289895488,-0.058794774814142615,0.165078601400708,-0.14205514069825215
2002-06-26,0.9014076797119756,0.7479049823349908,-0.19643823603399765,-0.5596380260376141
2002-06-27,-0.63820009286041,-1.0524297172856207,-0.5490740221157386,-2.2674976048463282
2002-06-28,1.0668776456940567,1.525366241240241,-0.44938922421035055,0.28380514865048995
2002-06-29,-0.2549306385544137,-1.3745429190491931,0.4140571769213571,-2.1547102781084067
2002-06-30,-0.04936100796415089,-0.3277443567311627,-0.3534966911427296,-0.0902403862416833
2002-07-01,1.4863590230601047,0.8347048089610866,1.1136994330629115,-1.416105367588426
2002-07-02,-2.01736888703177,-0.7231958290615681,-0.624529434656646,-0.4910366011984407
2002-07-03,-0.971436981067872,0.05406043080936788,-0.4751931414943174,-1.261534338291528
2002-07-04,1.2059484848219368,0.6482358628714071,-0.03173400188297016,-0.6487350031117781
2002-07-05,0.5903122317448198,1.0690320600641363,0.2354581817977768,1.2318787028288325
2002-07-06,0.12889447448896504,1.8201359553196743,0.668890339350837,-0.21724333956159408
2002-07-07,-1.0541995108567404,2.3833995637441405,0.7024905218708635,0.7634432361091403
2002-07-08,-1.530556925521542,-0.6750748367616385,-0.5774020697456361,-0.8775282734543595
2002-07-09,-0.07281378375172946,-0.3553953824875557,0.34385600883723544,0.0030108631149494817
2002-07-10,0.14734861165169585,-0.269861215681679,0.3499775771701396,-0.3522601883921819
2002-07-11,0.16196693424496514,2.16988316483922,-0.4986521011648977,-0.7465667103225844
2002-07-12,-1.2037789286180691,0.07628036467251781,0.9971166114043196,-0.8629372393106631
2002-07-13,0.9879555596759408,-0.2976757608786476,1.2620003406259783,-0.15208651186488914
2002-07-14,-0.2666940172891957,0.27054204373714924,0.7617750428367952,0.4537387497960443
2002-07-15,-0.6345889121749254,0.4199025160068784,2.3080772839595176,-0.5576023565166487
2002-07-16,-0.6248983754680738,1.00186552347102,-0.7389280797261903,2.442447262358866
2002-07-17,1.1589917921046151,1.2205349026634411,-0.4288101649846021,-1.2721586157986298
2002-07-18,0.11854840343308555,0.6754862642604594,0.4430515063898104,-0.10625283876037246
2002-07-19,0.2625310126661982,1.0264345566923592,-0.7698935101431617,0.6711413980820646
2002-07-20,-0.3932484424203737,-0.9321608491103128,0.8995963857240351,-1.7107814365282543
2002-07-21,-0.22864799081927545,-1.2357889225913523,0.3557090664640005,-0.6444169127696876
2002-07-22,-0.8338440243374234,2.196850513877437,0.1867027558689361,0.6124152603561234
2002-07-23,1.4751656574253258,-0.2478183983697887,-0.7602449232715329,-0.4875728020950994
2002-07-24,-0.5090307907292503,0.7347548448513198,0.7363684270262474,0.8077510254858971
2002-07-25,1.35468958783404,0.069328123199614,1.003005686583278,-0.8359859273802028
2002-07-26,1.884714666849994,0.636363546749293,-0.6685163527119238,-0.5866940289740153
2002-07-27,-1.446530848476732,-0.16568274127582502,-0.2502194417551289,-1.589304159225325
2002-07-28,-0.6543275458629274,0.2650575720621787,-1.7148364340857756,-0.3105089726673541
2002-07-29,-0.6721401825050414,0.5906881839456961,-1.2240708496116561,1.0501244038020432
2002-07-30,0.5468659157562226,-0.16113029952585295,1.2550909943508948,-0.16236078906490067
2002-07-31,0.638731350986354,1.6190627154874315,-0.1563633876021369,-1.4338066586011842
2002-08-01,-0.2538387804110647,-0.7075869582032901,-1.2282275466776424,0.16692894167034336
2002-08-02,-0.4799980331410671,-0.2275097545466256,-0.004309989721543743,-0.4274127793691066
2002-08-03,-1.9812948571497224,-0.2084244004520326,1.4232864795676403,-0.22058145076857413
2002-08-04,-0.29440424893844624,-0.4395201585058247,-0.1124156948164753,-1.5533495264068935
2002-08-05,0.6114973892463668,2.6182114504535696,1.7754026567093886,1.1998146608190712
2002-08-06,-0.8259141658266226,0.6027447605107913,0.2908957525271109,2.0384268840053297
2002-08-07,2.3098086134545444,-0.13154017491289172,-0.7370282783190737,-0.6558409288086595
2002-08-08,-0.15391205196092647,-1.1504307676493115,0.16342421219917685,0.3126163978414637
2002-08-09,0.004034043506920721,0.25636974837090504,1.2144570798022605,-0.7254027446483874
2002-08-10,-0.13886861960369445,1.0533860868718123,-0.002666161557910304,0.09209952728420294
2002-08-11,2.883918694089612,1.6266651528912976,1.0205578695540325,0.9216220238407579
2002-08-12,0.2657698839014008,0.11846689531442404,-1.2477573453890702,2.53327812898569
2002-08-13,-1.9235488567333316,-1.3748207119677125,-1.012263609883877,1.6421691721096163
2002-08-14,0.2273038639010813,-0.3680658975273084,1.3733852446863175,-0.8845585632512495
2002-08-15,0.7650966754589829,-1.3974599052483574,-0.2593318871368474,-0.8811845539686741
2002-08-16,-0.42826262040619895,0.2649313804448593,0.4942286921739905,-2.564364244136916
2002-08-17,1.9444694034391985,0.9003497050125563,-0.20093789725039746,-0.760371035957312
2002-08-18,-0.7570232484184954,-0.2094869013666939,-0.88029984595404,0.7404643608872957
2002-08-19,-0.36969006622780176,-1.0281621470740576,-0.3444297922261663,2.095048449594853
2002-08-20,0.8402403712405473,0.1824707797349784,-0.271413662781048,-0.9381212468177176
2002-08-21,-1.2678465049153405,-1.7488782761752184,0.4868927175546596,0.16799573842889956
2002-08-22,0.3272554382322129,-1.2376573759793563,-1.1354754698178615,-0.6070773683937577
2002-08-23,0.9632943230703922,-0.10897386347437774,0.2707493673228434,-0.25845996726091724
2002-08-24,-0.7039462649085416,-1.3641541157505672,2.3727856265478,-0.5360285197602757
2002-08-25,1.1302701322529078,0.5933944916403909,0.8512562718823257,-1.033485576242343
2002-08-26,-2.5981602524052336,-1.3088953020008811,-1.5513893300806991,1.0847585200252587
2002-08-27,-0.13089070117235269,-0.21490872739351674,-1.0303372037671166,0.4985937694992574
2002-08-28,-0.9455506100495108,1.4208949845061074,-0.5897776877527193,0.6834818797189104
2002-08-29,-1.2256988267179474,0.3938917264927273,-0.5013763300898295,-2.230748347936831
2002-08-30,0.8025249493401481,1.7016753756934682,-0.6024447669017637,-0.8107618597796824
2002-08-31,-0.2316100221876483,0.2406853159078201,0.06044385174163421,-0.06413526029258593
2002-09-01,-0.03823164910421882,-0.26295755563903,-1.3340621559766168,1.4960578305929082
2002-09-02,1.0328616860379034,-0.4141425100065785,-0.1819525717656134,-0.6923939202659906
2002-09-03,-2.383108357340056,-0.5025828928172039,0.6374579514694431,0.7361518885830868
2002-09-04,0.8804747982462806,0.959758940061494,-0.5245945383607082,1.5258410798476931
2002-09-05,1.3763257965147029,-0.04599821370228891,-0.24369619232310696,-0.5085141518637042
2002-09-06,-0.6064293233517807,0.1562554228912138,-0.04284692061951574,0.8314853222766392
2002-09-07,0.30514557586741226,1.996391149138444,0.6843966205188945,-0.12020034470375646
2002-09-08,-0.4377340664435862,-1.384751761730558,-0.5993936553736217,1.0170441313007368
2002-09-09,-0.6044849407133696,-0.1584997535899575,-0.970334380380067,-0.6059297006725991
2002-09-10,1.4786419465005511,-0.8134822562049095,-0.9795278801020272,1.810999124978352
2002-09-11,1.77579177703345,1.1268947650798418,0.5006179196418946,-0.651669361306189
2002-09-12,-0.2965691554231069,0.6054369367384135,-0.2317082667861649,0.2790349336408838
2002-09-13,-0.4676403407668887,-0.3265753575172041,-0.9794924506180924,0.9312480915348452
2002-09-14,0.5933890880064879,1.2683484341082345,-0.5776929629305811,-0.17467910304246134
2002-09-15,-0.6033479754270793,1.6425173620150877,1.0121291612271859,-0.3126196122320421
2002-09-16,0.04924043224698186,-2.7146928721072343,-0.7294097265881748,0.06531429507466381
2002-09-17,1.1515616539688511,0.8414006066033959,-0.8138234702879212,0.583116556294407
2002-09-18,0.1902933441138288,1.7102454501319575,-0.2979237666920886,-2.0541582104636262
2002-09-19,-0.24444755465031884,-1.0905258299236422,0.9762159545817488,-0.862612297929475
2002-09-20,0.3509343989764108,1.74825681253166,1.5312088039007608,0.6241086353532727
2002-09-21,-0.03935382206434807,-0.3016791493916535,-0.8426489863348213,-0.08558221550376847
2002-09-22,1.0138965309620094,-0.28867971698725464,-0.3422951824520001,-0.6385368129913495
2002-09-23,-0.642658867032067,-0.10472518786074593,-0.6318289284439236,-0.9094828891488882
2002-09-24,0.3701357432455675,0.2332185087940045,0.5358967567312249,-1.5526046680489345
2002-09-25,0.18333899557420474,1.2857832745036837,-1.052593011992047,-2.565843638430118
2002-09-26,0.7751331949658513,-0.8503742800614634,0.4867280446491609,-1.0534266067227014
